run,grp,feedback,replication,t,week,typhoon_day,gini,gini_week_avg,gini_run_avg
A-hidden-1,A,0,1,1,1,0,0.19,0.29,0.557
A-hidden-1,A,0,1,2,1,0,0.222,0.29,0.557
A-hidden-1,A,0,1,3,1,0,0.293,0.29,0.557
A-hidden-1,A,0,1,4,1,0,0.35,0.29,0.557
A-hidden-1,A,0,1,5,1,0,0.397,0.29,0.557
A-hidden-1,A,0,1,6,2,0,0.391,0.518,0.557
A-hidden-1,A,0,1,7,2,0,0.453,0.518,0.557
A-hidden-1,A,0,1,8,2,0,0.527,0.518,0.557
A-hidden-1,A,0,1,9,2,0,0.566,0.518,0.557
A-hidden-1,A,0,1,10,2,0,0.655,0.518,0.557
A-hidden-1,A,0,1,11,3,1,0.68,0.741,0.557
A-hidden-1,A,0,1,12,3,1,0.717,0.741,0.557
A-hidden-1,A,0,1,13,3,1,0.783,0.741,0.557
A-hidden-1,A,0,1,14,3,0,0.785,0.741,0.557
A-hidden-1,A,0,1,15,3,0,0.74,0.741,0.557
A-hidden-1,A,0,1,16,4,0,0.634,0.678,0.557
A-hidden-1,A,0,1,17,4,0,0.658,0.678,0.557
A-hidden-1,A,0,1,18,4,0,0.604,0.678,0.557
A-hidden-1,A,0,1,19,4,0,0.696,0.678,0.557
A-hidden-1,A,0,1,20,4,0,0.797,0.678,0.557
A-hidden-2,A,0,2,1,1,0,0.201,0.462,0.666
A-hidden-2,A,0,2,2,1,0,0.43,0.462,0.666
A-hidden-2,A,0,2,3,1,0,0.545,0.462,0.666
A-hidden-2,A,0,2,4,1,0,0.552,0.462,0.666
A-hidden-2,A,0,2,5,1,0,0.58,0.462,0.666
A-hidden-2,A,0,2,6,2,0,0.595,0.626,0.666
A-hidden-2,A,0,2,7,2,0,0.599,0.626,0.666
A-hidden-2,A,0,2,8,2,0,0.586,0.626,0.666
A-hidden-2,A,0,2,9,2,0,0.647,0.626,0.666
A-hidden-2,A,0,2,10,2,0,0.701,0.626,0.666
A-hidden-2,A,0,2,11,3,1,0.711,0.771,0.666
A-hidden-2,A,0,2,12,3,1,0.779,0.771,0.666
A-hidden-2,A,0,2,13,3,1,0.833,0.771,0.666
A-hidden-2,A,0,2,14,3,0,0.795,0.771,0.666
A-hidden-2,A,0,2,15,3,0,0.736,0.771,0.666
A-hidden-2,A,0,2,16,4,0,0.747,0.804,0.666
A-hidden-2,A,0,2,17,4,0,0.774,0.804,0.666
A-hidden-2,A,0,2,18,4,0,0.833,0.804,0.666
A-hidden-2,A,0,2,19,4,0,0.833,0.804,0.666
A-hidden-2,A,0,2,20,4,0,0.833,0.804,0.666
A-shown-1,A,1,1,1,1,0,0.198,0.41,0.579
A-shown-1,A,1,1,2,1,0,0.295,0.41,0.579
A-shown-1,A,1,1,3,1,0,0.449,0.41,0.579
A-shown-1,A,1,1,4,1,0,0.563,0.41,0.579
A-shown-1,A,1,1,5,1,0,0.544,0.41,0.579
A-shown-1,A,1,1,6,2,0,0.483,0.511,0.579
A-shown-1,A,1,1,7,2,0,0.534,0.511,0.579
A-shown-1,A,1,1,8,2,0,0.519,0.511,0.579
A-shown-1,A,1,1,9,2,0,0.527,0.511,0.579
A-shown-1,A,1,1,10,2,0,0.495,0.511,0.579
A-shown-1,A,1,1,11,3,1,0.537,0.616,0.579
A-shown-1,A,1,1,12,3,1,0.572,0.616,0.579
A-shown-1,A,1,1,13,3,1,0.646,0.616,0.579
A-shown-1,A,1,1,14,3,0,0.66,0.616,0.579
A-shown-1,A,1,1,15,3,0,0.667,0.616,0.579
A-shown-1,A,1,1,16,4,0,0.721,0.78,0.579
A-shown-1,A,1,1,17,4,0,0.758,0.78,0.579
A-shown-1,A,1,1,18,4,0,0.774,0.78,0.579
A-shown-1,A,1,1,19,4,0,0.833,0.78,0.579
A-shown-1,A,1,1,20,4,0,0.814,0.78,0.579
A-shown-2,A,1,2,1,1,0,0.201,0.462,0.652
A-shown-2,A,1,2,2,1,0,0.43,0.462,0.652
A-shown-2,A,1,2,3,1,0,0.545,0.462,0.652
A-shown-2,A,1,2,4,1,0,0.552,0.462,0.652
A-shown-2,A,1,2,5,1,0,0.58,0.462,0.652
A-shown-2,A,1,2,6,2,0,0.586,0.619,0.652
A-shown-2,A,1,2,7,2,0,0.579,0.619,0.652
A-shown-2,A,1,2,8,2,0,0.63,0.619,0.652
A-shown-2,A,1,2,9,2,0,0.612,0.619,0.652
A-shown-2,A,1,2,10,2,0,0.687,0.619,0.652
A-shown-2,A,1,2,11,3,1,0.733,0.762,0.652
A-shown-2,A,1,2,12,3,1,0.772,0.762,0.652
A-shown-2,A,1,2,13,3,1,0.833,0.762,0.652
A-shown-2,A,1,2,14,3,0,0.739,0.762,0.652
A-shown-2,A,1,2,15,3,0,0.735,0.762,0.652
A-shown-2,A,1,2,16,4,0,0.717,0.767,0.652
A-shown-2,A,1,2,17,4,0,0.734,0.767,0.652
A-shown-2,A,1,2,18,4,0,0.784,0.767,0.652
A-shown-2,A,1,2,19,4,0,0.793,0.767,0.652
A-shown-2,A,1,2,20,4,0,0.806,0.767,0.652
B-hidden-1,B,0,1,1,1,0,0.097,0.256,0.505
B-hidden-1,B,0,1,2,1,0,0.199,0.256,0.505
B-hidden-1,B,0,1,3,1,0,0.255,0.256,0.505
B-hidden-1,B,0,1,4,1,0,0.342,0.256,0.505
B-hidden-1,B,0,1,5,1,0,0.386,0.256,0.505
B-hidden-1,B,0,1,6,2,0,0.394,0.49,0.505
B-hidden-1,B,0,1,7,2,0,0.456,0.49,0.505
B-hidden-1,B,0,1,8,2,0,0.486,0.49,0.505
B-hidden-1,B,0,1,9,2,0,0.555,0.49,0.505
B-hidden-1,B,0,1,10,2,0,0.558,0.49,0.505
B-hidden-1,B,0,1,11,3,1,0.55,0.604,0.505
B-hidden-1,B,0,1,12,3,1,0.578,0.604,0.505
B-hidden-1,B,0,1,13,3,1,0.599,0.604,0.505
B-hidden-1,B,0,1,14,3,0,0.667,0.604,0.505
B-hidden-1,B,0,1,15,3,0,0.624,0.604,0.505
B-hidden-1,B,0,1,16,4,0,0.647,0.669,0.505
B-hidden-1,B,0,1,17,4,0,0.61,0.669,0.505
B-hidden-1,B,0,1,18,4,0,0.675,0.669,0.505
B-hidden-1,B,0,1,19,4,0,0.717,0.669,0.505
B-hidden-1,B,0,1,20,4,0,0.697,0.669,0.505
B-hidden-2,B,0,2,1,1,0,0.194,0.456,0.636
B-hidden-2,B,0,2,2,1,0,0.392,0.456,0.636
B-hidden-2,B,0,2,3,1,0,0.54,0.456,0.636
B-hidden-2,B,0,2,4,1,0,0.629,0.456,0.636
B-hidden-2,B,0,2,5,1,0,0.526,0.456,0.636
B-hidden-2,B,0,2,6,2,0,0.547,0.638,0.636
B-hidden-2,B,0,2,7,2,0,0.631,0.638,0.636
B-hidden-2,B,0,2,8,2,0,0.669,0.638,0.636
B-hidden-2,B,0,2,9,2,0,0.68,0.638,0.636
B-hidden-2,B,0,2,10,2,0,0.663,0.638,0.636
B-hidden-2,B,0,2,11,3,1,0.675,0.751,0.636
B-hidden-2,B,0,2,12,3,1,0.733,0.751,0.636
B-hidden-2,B,0,2,13,3,1,0.826,0.751,0.636
B-hidden-2,B,0,2,14,3,0,0.774,0.751,0.636
B-hidden-2,B,0,2,15,3,0,0.745,0.751,0.636
B-hidden-2,B,0,2,16,4,0,0.684,0.701,0.636
B-hidden-2,B,0,2,17,4,0,0.642,0.701,0.636
B-hidden-2,B,0,2,18,4,0,0.683,0.701,0.636
B-hidden-2,B,0,2,19,4,0,0.725,0.701,0.636
B-hidden-2,B,0,2,20,4,0,0.771,0.701,0.636
B-shown-1,B,1,1,1,1,0,0.097,0.24,0.505
B-shown-1,B,1,1,2,1,0,0.168,0.24,0.505
B-shown-1,B,1,1,3,1,0,0.239,0.24,0.505
B-shown-1,B,1,1,4,1,0,0.302,0.24,0.505
B-shown-1,B,1,1,5,1,0,0.392,0.24,0.505
B-shown-1,B,1,1,6,2,0,0.37,0.433,0.505
B-shown-1,B,1,1,7,2,0,0.37,0.433,0.505
B-shown-1,B,1,1,8,2,0,0.414,0.433,0.505
B-shown-1,B,1,1,9,2,0,0.462,0.433,0.505
B-shown-1,B,1,1,10,2,0,0.551,0.433,0.505
B-shown-1,B,1,1,11,3,1,0.546,0.65,0.505
B-shown-1,B,1,1,12,3,1,0.602,0.65,0.505
B-shown-1,B,1,1,13,3,1,0.645,0.65,0.505
B-shown-1,B,1,1,14,3,0,0.698,0.65,0.505
B-shown-1,B,1,1,15,3,0,0.759,0.65,0.505
B-shown-1,B,1,1,16,4,0,0.814,0.696,0.505
B-shown-1,B,1,1,17,4,0,0.698,0.696,0.505
B-shown-1,B,1,1,18,4,0,0.668,0.696,0.505
B-shown-1,B,1,1,19,4,0,0.602,0.696,0.505
B-shown-1,B,1,1,20,4,0,0.697,0.696,0.505
B-shown-2,B,1,2,1,1,0,0.194,0.456,0.632
B-shown-2,B,1,2,2,1,0,0.392,0.456,0.632
B-shown-2,B,1,2,3,1,0,0.54,0.456,0.632
B-shown-2,B,1,2,4,1,0,0.629,0.456,0.632
B-shown-2,B,1,2,5,1,0,0.526,0.456,0.632
B-shown-2,B,1,2,6,2,0,0.547,0.599,0.632
B-shown-2,B,1,2,7,2,0,0.663,0.599,0.632
B-shown-2,B,1,2,8,2,0,0.585,0.599,0.632
B-shown-2,B,1,2,9,2,0,0.589,0.599,0.632
B-shown-2,B,1,2,10,2,0,0.611,0.599,0.632
B-shown-2,B,1,2,11,3,1,0.623,0.686,0.632
B-shown-2,B,1,2,12,3,1,0.668,0.686,0.632
B-shown-2,B,1,2,13,3,1,0.723,0.686,0.632
B-shown-2,B,1,2,14,3,0,0.681,0.686,0.632
B-shown-2,B,1,2,15,3,0,0.735,0.686,0.632
B-shown-2,B,1,2,16,4,0,0.64,0.788,0.632
B-shown-2,B,1,2,17,4,0,0.825,0.788,0.632
B-shown-2,B,1,2,18,4,0,0.833,0.788,0.632
B-shown-2,B,1,2,19,4,0,0.833,0.788,0.632
B-shown-2,B,1,2,20,4,0,0.806,0.788,0.632
