replication,feedback,agent,start_generosity,given_A,given_B,agreed_A,agreed_B,like_received_B_minus_A,rep_mentions_B_minus_A,self_mentions_B_minus_A
1,0,Pete,25,0,0,10/16,9/16,9.8,11.0,15.3
1,0,Bob,30,0,0,0/0,0/0,-4.5,8.8,-4.4
1,0,Stella,45,0,0.5,2/2,3/3,-2.0,0.5,10.7
1,0,Kurt,60,0.5,1.5,0/0,1/1,-4.0,0.0,-3.8
1,0,Lucky,70,0,0,7/7,0/0,-2.0,2.9,9.6
1,0,Alice,80,0,0,0/0,1/1,-4.0,0.0,2.9
1,1,Pete,25,1.2,1,9/19,7/19,-1.0,2.6,4.0
1,1,Bob,30,0,0,0/0,0/0,-2.7,4.4,-1.5
1,1,Stella,45,3.5,0,1/1,1/1,-3.7,-1.4,-0.8
1,1,Kurt,60,0,1,0/0,3/3,3.3,0.0,-12.2
1,1,Lucky,70,0,0,1/1,1/1,-0.7,-6.9,-30.2
1,1,Alice,80,0,0,2/2,0/0,-2.7,5.9,0.0
2,0,Pete,25,2.5,5.8,9/19,5/7,15.5,-9.8,0.4
2,0,Bob,30,0,0,0/0,0/0,-5.0,-27.9,4.5
2,0,Stella,45,0,0,0/0,1/1,-2.5,8.0,24.0
2,0,Kurt,60,0,1.0,1/1,2/6,1.0,-7.5,-2.7
2,0,Lucky,70,0,0,4/4,0/0,-2.5,-1.4,10.5
2,0,Alice,80,0,0,0/2,0/0,-4.7,-2.9,1.5
2,1,Pete,25,3.5,8.9,5/12,4/8,18.8,-10.9,-0.4
2,1,Bob,30,0,0,0/0,0/0,-8.0,0.0,1.5
2,1,Stella,45,3.0,0,1/1,1/1,-3.0,-1.8,-7.2
2,1,Kurt,60,0,0,1/1,1/1,0.5,-8.8,10.3
2,1,Lucky,70,0,0,0/0,0/0,-3.0,0.0,1.4
2,1,Alice,80,0,0,3/3,0/0,-10.0,-1.5,1.5
3,0,Pete,25,3,12.5,2/7,1/1,-2.7,1.4,11.9
3,0,Bob,30,0,0,0/0,0/0,15.8,-2.9,5.9
3,0,Stella,45,5.0,1.0,0/4,1/1,-12.7,25.0,7.8
3,0,Kurt,60,0.5,0,0/0,0/4,8.0,-2.9,-2.9
3,0,Lucky,70,0,0,0/0,0/0,1.7,0.0,3.1
3,0,Alice,80,0,0,0/0,1/1,-2.5,-11.8,-1.5
3,1,Pete,25,3,3.1,0/6,2/3,6.7,4.1,9.7
3,1,Bob,30,0,0,0/0,0/0,6.2,-2.9,5.9
3,1,Stella,45,2.6000000000000005,2.0,0/0,1/1,-5.0,11.1,-14.4
3,1,Kurt,60,0,3,0/0,0/6,5.0,1.5,4.4
3,1,Lucky,70,0,0,0/0,0/0,1.7,0.0,11.8
3,1,Alice,80,0,0,0/0,0/0,-2.5,-25.0,2.9
4,0,Pete,25,4.5,5,7/17,6/13,-10.8,10.6,3.1
4,0,Bob,30,0,0,1/1,0/0,1.2,-2.8,3.0
4,0,Stella,45,2.5,3,0/0,2/2,1.8,5.1,-2.7
4,0,Kurt,60,0,0,0/0,0/0,2.7,5.9,0.0
4,0,Lucky,70,0,0,3/3,1/1,-0.5,0.0,3.8
4,0,Alice,80,0,0,1/1,0/0,-7.0,1.8,0.1
4,1,Pete,25,1.6,2.5,8/21,7/16,-2.5,4.8,0.6
4,1,Bob,30,0,0,1/1,0/0,-4.5,-1.4,-1.4
4,1,Stella,45,0.8,2.2,1/1,2/2,-4.5,5.2,7.4
4,1,Kurt,60,0,0,0/1,0/0,-2.8,-10.3,1.5
4,1,Lucky,70,0,0,1/1,1/1,-2.5,0.0,3.7
4,1,Alice,80,0,0,0/1,0/0,-6.2,0.1,4.4
