run,grp,feedback,replication,week,day,a,b,cancelled,reason,catch_a,catch_b,total,got_a,got_b,agreed,caught_share_a,got_share_a
A-hidden-1,A,0,1,1,1,Pete,Lucky,0,,4.8,0.8,8.4,4.8,0.8,0,0.857,0.571
A-hidden-1,A,0,1,1,2,Stella,Pete,0,,0.0,3.6,5.4,0.0,3.6,0,0.0,0.0
A-hidden-1,A,0,1,2,1,Pete,Lucky,1,someone is too exhausted,,,,,,,,
A-hidden-1,A,0,1,2,2,Stella,Pete,0,,0.0,3.6,5.4,0.0,3.6,0,0.0,0.0
A-hidden-1,A,0,1,2,3,Stella,Pete,1,someone is too exhausted,,,,,,,,
A-hidden-1,A,0,1,3,1,Pete,Lucky,1,the typhoon,,,,,,,,
A-hidden-1,A,0,1,4,1,Pete,Lucky,0,,3.6,0.8,6.6,3.6,0.8,0,0.818,0.545
B-hidden-1,B,0,1,1,2,Kurt,Pete,0,,0.0,3.6,5.4,0.0,3.6,0,0.0,0.0
B-hidden-1,B,0,1,2,1,Stella,Pete,0,,2.2,3.6,8.7,3,5.7,1,0.379,0.345
B-hidden-1,B,0,1,2,2,Pete,Alice,1,someone is too exhausted,,,,,,,,
B-hidden-1,B,0,1,2,3,Stella,Pete,0,,0.0,3.6,5.4,2.7,2.7,1,0.0,0.5
B-hidden-1,B,0,1,3,4,Stella,Pete,1,someone is too exhausted,,,,,,,,
B-hidden-1,B,0,1,4,1,Stella,Pete,1,someone is too exhausted,,,,,,,,
B-hidden-1,B,0,1,4,3,Stella,Pete,1,someone is too exhausted,,,,,,,,
A-hidden-2,A,0,2,1,2,Stella,Pete,0,,2.2,4.8,10.5,5.2,5.3,1,0.314,0.495
A-hidden-2,A,0,2,1,3,Stella,Pete,0,,1.1,3.6,7.1,1.1,3.6,0,0.234,0.155
A-hidden-2,A,0,2,2,1,Stella,Pete,0,,1.1,3.6,7.1,1.1,3.6,0,0.234,0.155
A-hidden-2,A,0,2,3,1,Pete,Lucky,1,the typhoon,,,,,,,,
A-hidden-2,A,0,2,4,1,Pete,Lucky,0,,3.6,0.0,5.4,3.6,0.0,0,1.0,0.667
A-hidden-2,A,0,2,4,2,Pete,Lucky,0,,3.6,0.8,6.6,3.6,0.8,0,0.818,0.545
B-hidden-2,B,0,2,1,2,Stella,Pete,0,,0.0,4.8,7.2,0.0,4.8,0,0.0,0.0
B-hidden-2,B,0,2,1,3,Stella,Pete,0,,0.0,4.8,7.2,0.0,4.8,0,0.0,0.0
B-hidden-2,B,0,2,4,1,Pete,Kurt,0,,3.6,2.2,8.7,4.3,4.4,1,0.621,0.494
A-shown-1,A,1,1,1,2,Stella,Pete,0,,0.0,3.6,5.4,0.0,3.6,0,0.0,0.0
A-shown-1,A,1,1,2,1,Pete,Lucky,0,,3.6,0.8,6.6,4.6,2.0,1,0.818,0.697
A-shown-1,A,1,1,3,1,Pete,Alice,1,the typhoon,,,,,,,,
A-shown-1,A,1,1,3,4,Lucky,Pete,0,,0.0,4.8,7.2,0.0,4.8,0,0.0,0.0
A-shown-1,A,1,1,4,1,Pete,Alice,1,someone is too exhausted,,,,,,,,
B-shown-1,B,1,1,1,2,Kurt,Pete,0,,0.0,3.6,5.4,1.9,3.5,1,0.0,0.352
B-shown-1,B,1,1,2,1,Lucky,Pete,0,,0.0,3.6,5.4,2,3.4,1,0.0,0.37
B-shown-1,B,1,1,3,1,Lucky,Pete,1,the typhoon,,,,,,,,
B-shown-1,B,1,1,3,4,Stella,Pete,1,someone is too exhausted,,,,,,,,
B-shown-1,B,1,1,4,1,Pete,Kurt,0,,4.8,2.2,10.5,4.8,2.2,0,0.686,0.457
A-shown-2,A,1,2,1,2,Stella,Pete,0,,2.2,4.8,10.5,5.2,5.3,1,0.314,0.495
A-shown-2,A,1,2,1,3,Stella,Pete,0,,1.1,3.6,7.1,1.1,3.6,0,0.234,0.155
A-shown-2,A,1,2,2,1,Pete,Stella,0,,4.8,0.0,7.2,3.6,3.6,1,1.0,0.5
A-shown-2,A,1,2,3,4,Pete,Alice,1,someone is too exhausted,,,,,,,,
A-shown-2,A,1,2,4,1,Pete,Alice,1,someone is too exhausted,,,,,,,,
A-shown-2,A,1,2,4,2,Kurt,Pete,1,someone is too exhausted,,,,,,,,
A-shown-2,A,1,2,4,2,Stella,Alice,1,someone is too exhausted,,,,,,,,
B-shown-2,B,1,2,1,2,Stella,Pete,0,,0.0,4.8,7.2,0.0,4.8,0,0.0,0.0
B-shown-2,B,1,2,1,3,Stella,Pete,0,,0.0,4.8,7.2,0.0,4.8,0,0.0,0.0
B-shown-2,B,1,2,2,1,Pete,Kurt,1,someone is too exhausted,,,,,,,,
B-shown-2,B,1,2,2,2,Stella,Pete,0,,1.1,3.6,7.1,1.1,3.6,0,0.234,0.155
