run,grp,feedback,replication,week,day,t,agent,food_total,eaten,need,fullness_pct,starving,stamina,debt,typhoon_day,food_can,food_fish,food_clam,food_coconut,food_forage
A-hidden-1,A,0,1,1,1,1,Kurt,3.2,2.0,2,100,0,63.0,0,0,3.0,0.0,0.0,0.2,0.0
A-hidden-1,A,0,1,1,1,1,Stella,5.4,2.0,2,100,0,63.0,0,0,3.0,0.0,0.0,2.4,0.0
A-hidden-1,A,0,1,1,1,1,Lucky,2.8,1.0,1,100,0,70.0,0,0,2.8,0.0,0.0,0.0,0.0
A-hidden-1,A,0,1,1,1,1,Alice,3.5,1.5,1.5,100,0,65.0,0,0,3.0,0.0,0.0,0.0,0.5
A-hidden-1,A,0,1,1,1,1,Bob,2.2,1.5,1.5,100,0,70.0,0,0,2.2,0.0,0.0,0.0,0.0
A-hidden-1,A,0,1,1,1,1,Pete,5.8,2.0,2,100,0,70.0,0,0,3.0,2.8,0.0,0.0,0.0
A-hidden-1,A,0,1,1,2,2,Kurt,3.4,2.0,2,100,0,56.0,0,0,3.0,0.0,0.0,0.4,0.0
A-hidden-1,A,0,1,1,2,2,Stella,3.4,2.0,2,100,0,58.0,0,0,3.0,0.0,0.0,0.4,0.0
A-hidden-1,A,0,1,1,2,2,Lucky,2.6,1.0,1,100,0,63.0,0,0,2.6,0.0,0.0,0.0,0.0
A-hidden-1,A,0,1,1,2,2,Alice,3.3,1.5,1.5,100,0,60.0,0,0,3.0,0.0,0.0,0.0,0.3
A-hidden-1,A,0,1,1,2,2,Bob,2.0,1.5,1.5,100,0,70.0,0,0,2.0,0.0,0.0,0.0,0.0
A-hidden-1,A,0,1,1,2,2,Pete,7.4,2.0,2,100,0,70.0,0,0,3.0,4.4,0.0,0.0,0.0
A-hidden-1,A,0,1,1,3,3,Kurt,5.9,2.0,2,100,0,31.0,0,0,3.0,0.0,0.0,0.4,2.5
A-hidden-1,A,0,1,1,3,3,Stella,5.8,2.0,2,100,0,33.0,0,0,3.0,0.0,0.0,0.4,2.4
A-hidden-1,A,0,1,1,3,3,Lucky,2.4,1.0,1,100,0,56.0,0,0,2.4,0.0,0.0,0.0,0.0
A-hidden-1,A,0,1,1,3,3,Alice,3.1,1.5,1.5,100,0,55.0,0,0,3.0,0.0,0.0,0.0,0.1
A-hidden-1,A,0,1,1,3,3,Bob,1.8,1.5,1.5,100,0,70.0,0,0,1.8,0.0,0.0,0.0,0.0
A-hidden-1,A,0,1,1,3,3,Pete,9.0,2.0,2,100,0,70.0,0,0,3.0,6.0,0.0,0.0,0.0
A-hidden-1,A,0,1,1,4,4,Kurt,8.4,2.0,2,100,0,26.0,0,0,3.0,0.0,0.0,0.4,5.0
A-hidden-1,A,0,1,1,4,4,Stella,6.0,2.0,2,100,0,28.0,0,0,3.0,0.0,0.0,0.4,2.6
A-hidden-1,A,0,1,1,4,4,Lucky,2.5,1.0,1,100,0,31.0,0,0,2.4,0.0,0.0,0.0,0.1
A-hidden-1,A,0,1,1,4,4,Alice,3.6,1.5,1.5,100,0,50.0,0,0,3.0,0.0,0.0,0.0,0.6
A-hidden-1,A,0,1,1,4,4,Bob,1.6,1.5,1.5,100,0,70.0,0,0,1.6,0.0,0.0,0.0,0.0
A-hidden-1,A,0,1,1,4,4,Pete,11.8,2.0,2,100,0,70.0,0,0,3.0,8.8,0.0,0.0,0.0
A-hidden-1,A,0,1,1,5,5,Kurt,6.4,2.0,2,100,0,46.0,0,0,3.0,0.0,0.0,0.4,3.0
A-hidden-1,A,0,1,1,5,5,Stella,4.0,2.0,2,100,0,48.0,0,0,3.0,0.0,0.0,0.4,0.6
A-hidden-1,A,0,1,1,5,5,Lucky,2.6,1.0,1,100,0,26.0,0,0,2.4,0.0,0.0,0.0,0.2
A-hidden-1,A,0,1,1,5,5,Alice,4.1,1.5,1.5,100,0,45.0,0,0,3.0,0.0,0.0,0.0,1.1
A-hidden-1,A,0,1,1,5,5,Bob,0.8,1.5,1.5,100,0,70.0,0,0,0.8,0.0,0.0,0.0,0.0
A-hidden-1,A,0,1,1,5,5,Pete,13.4,2.0,2,100,0,70.0,0,0,3.0,10.4,0.0,0.0,0.0
A-hidden-1,A,0,1,2,1,6,Kurt,7.16,2.0,2,100,0,21.0,0,0,3.0,0.0,0.0,0.36,3.8
A-hidden-1,A,0,1,2,1,6,Stella,6.24,2.0,2,100,0,43.0,0,0,3.0,0.0,0.0,0.36,2.88
A-hidden-1,A,0,1,2,1,6,Lucky,1.56,1.0,1,100,0,46.0,0,0,1.56,0.0,0.0,0.0,0.0
A-hidden-1,A,0,1,2,1,6,Alice,3.68,1.5,1.5,100,0,40.0,0,0,3.0,0.0,0.0,0.0,0.68
A-hidden-1,A,0,1,2,1,6,Bob,0.6,1.5,1.5,100,0,70.0,0,0,0.6,0.0,0.0,0.0,0.0
A-hidden-1,A,0,1,2,1,6,Pete,10.84,2.0,2,100,0,70.0,0,0,3.0,7.84,0.0,0.0,0.0
A-hidden-1,A,0,1,2,2,7,Kurt,5.16,2.0,2,100,0,41.0,0,0,3.0,0.0,0.0,0.36,1.8
A-hidden-1,A,0,1,2,2,7,Stella,4.24,2.0,2,100,0,38.0,0,0,3.0,0.0,0.0,0.36,0.88
A-hidden-1,A,0,1,2,2,7,Lucky,1.36,1.0,1,100,0,21.0,0,0,1.36,0.0,0.0,0.0,0.0
A-hidden-1,A,0,1,2,2,7,Alice,3.98,1.5,1.5,100,0,35.0,0,0,3.0,0.0,0.0,0.0,0.98
A-hidden-1,A,0,1,2,2,7,Bob,0.0,1.5,1.5,100,0,70.0,0,0,0.0,0.0,0.0,0.0,0.0
A-hidden-1,A,0,1,2,2,7,Pete,12.44,2.0,2,100,0,70.0,0,0,3.0,9.44,0.0,0.0,0.0
A-hidden-1,A,0,1,2,3,8,Kurt,7.66,2.0,2,100,0,36.0,0,0,3.0,0.0,0.0,0.36,4.3
A-hidden-1,A,0,1,2,3,8,Stella,4.44,2.0,2,100,0,33.0,0,0,3.0,0.0,0.0,0.36,1.08
A-hidden-1,A,0,1,2,3,8,Lucky,0.36,1.0,1,100,0,41.0,0,0,0.36,0.0,0.0,0.0,0.0
A-hidden-1,A,0,1,2,3,8,Alice,3.58,1.5,1.5,100,0,30.0,0,0,3.0,0.0,0.0,0.0,0.58
A-hidden-1,A,0,1,2,3,8,Bob,0.0,1.5,1.5,100,0,70.0,0,0,0.0,0.0,0.0,0.0,0.0
A-hidden-1,A,0,1,2,3,8,Pete,15.24,2.0,2,100,0,70.0,0,0,3.0,12.24,0.0,0.0,0.0
A-hidden-1,A,0,1,2,4,9,Kurt,9.06,2.0,2,100,0,31.0,0,0,3.0,0.0,0.0,0.36,5.7
A-hidden-1,A,0,1,2,4,9,Stella,4.64,2.0,2,100,0,28.0,0,0,3.0,0.0,0.0,0.36,1.28
A-hidden-1,A,0,1,2,4,9,Lucky,0.16,1.0,1,100,0,16.0,0,0,0.16,0.0,0.0,0.0,0.0
A-hidden-1,A,0,1,2,4,9,Alice,2.58,1.5,1.5,100,0,25.0,0,0,2.58,0.0,0.0,0.0,0.0
A-hidden-1,A,0,1,2,4,9,Bob,0.0,1.5,1.5,100,0,70.0,0,0,0.0,0.0,0.0,0.0,0.0
A-hidden-1,A,0,1,2,4,9,Pete,16.84,2.0,2,100,0,70.0,0,0,3.0,13.84,0.0,0.0,0.0
A-hidden-1,A,0,1,2,5,10,Kurt,9.62,2.0,2,100,0,26.0,0,0,3.0,0.0,0.0,0.36,6.26
A-hidden-1,A,0,1,2,5,10,Stella,2.64,2.0,2,100,0,48.0,0,0,2.64,0.0,0.0,0.0,0.0
A-hidden-1,A,0,1,2,5,10,Lucky,0.0,1.0,1,100,0,36.0,0,0,0.0,0.0,0.0,0.0,0.0
A-hidden-1,A,0,1,2,5,10,Alice,0.88,1.5,1.5,100,0,45.0,0,0,0.88,0.0,0.0,0.0,0.0
A-hidden-1,A,0,1,2,5,10,Bob,0.0,1.5,1.5,100,0,70.0,0,0,0.0,0.0,0.0,0.0,0.0
A-hidden-1,A,0,1,2,5,10,Pete,19.64,2.0,2,100,0,70.0,0,0,3.0,16.64,0.0,0.0,0.0
A-hidden-1,A,0,1,3,1,11,Kurt,6.33,2.0,2,100,0,26.0,0,1,3.0,0.0,0.0,0.32,3.01
A-hidden-1,A,0,1,3,1,11,Stella,1.24,2.0,2,100,0,48.0,0,1,1.24,0.0,0.0,0.0,0.0
A-hidden-1,A,0,1,3,1,11,Lucky,0.0,1.0,1,100,0,36.0,0,1,0.0,0.0,0.0,0.0,0.0
A-hidden-1,A,0,1,3,1,11,Alice,0.0,1.5,1.5,100,0,45.0,0,1,0.0,0.0,0.0,0.0,0.0
A-hidden-1,A,0,1,3,1,11,Bob,0.0,0.78,1.5,52.0,0,65.0,0,1,0.0,0.0,0.0,0.0,0.0
A-hidden-1,A,0,1,3,1,11,Pete,11.58,2.0,2,100,0,75.0,0,1,3.0,7.98,0.6,0.0,0.0
A-hidden-1,A,0,1,3,2,12,Kurt,4.63,2.0,2,100,0,26.0,0,1,3.0,0.0,0.0,0.32,1.31
A-hidden-1,A,0,1,3,2,12,Stella,0.34,2.0,2,100,0,48.0,0,1,0.34,0.0,0.0,0.0,0.0
A-hidden-1,A,0,1,3,2,12,Lucky,0.0,1.0,1,100,0,36.0,0,1,0.0,0.0,0.0,0.0,0.0
A-hidden-1,A,0,1,3,2,12,Alice,0.0,0.7,1.5,46.7,1,30.0,0,1,0.0,0.0,0.0,0.0,0.0
A-hidden-1,A,0,1,3,2,12,Bob,0.0,0.3,1.5,20.0,1,50.0,0,1,0.0,0.0,0.0,0.0,0.0
A-hidden-1,A,0,1,3,2,12,Pete,10.18,2.0,2,100,0,80.0,0,1,3.0,5.98,1.2,0.0,0.0
A-hidden-1,A,0,1,3,3,13,Kurt,1.57,2.0,2,100,0,26.0,0,1,1.57,0.0,0.0,0.0,0.0
A-hidden-1,A,0,1,3,3,13,Stella,0.0,2.0,2,100,0,48.0,0,1,0.0,0.0,0.0,0.0,0.0
A-hidden-1,A,0,1,3,3,13,Lucky,0.0,1.0,1,100,0,36.0,0,1,0.0,0.0,0.0,0.0,0.0
A-hidden-1,A,0,1,3,3,13,Alice,0.0,0.7,1.5,46.7,1,15.0,0,1,0.0,0.0,0.0,0.0,0.0
A-hidden-1,A,0,1,3,3,13,Bob,0.0,0.7,1.5,46.7,1,35.0,0,1,0.0,0.0,0.0,0.0,0.0
A-hidden-1,A,0,1,3,3,13,Pete,8.78,2.0,2,100,0,85.0,0,1,3.0,3.98,1.8,0.0,0.0
A-hidden-1,A,0,1,3,4,14,Kurt,0.0,2.0,2,100,0,46.0,0,0,0.0,0.0,0.0,0.0,0.0
A-hidden-1,A,0,1,3,4,14,Stella,0.0,2.0,2,100,0,43.0,0,0,0.0,0.0,0.0,0.0,0.0
A-hidden-1,A,0,1,3,4,14,Lucky,0.0,0.87,1,87.0,0,51.0,0,0,0.0,0.0,0.0,0.0,0.0
A-hidden-1,A,0,1,3,4,14,Alice,0.55,0.75,1.5,50.0,0,10.0,0,0,0.0,0.0,0.55,0.0,0.0
A-hidden-1,A,0,1,3,4,14,Bob,0.55,0.75,1.5,50.0,0,30.0,0,0,0.0,0.0,0.55,0.0,0.0
A-hidden-1,A,0,1,3,4,14,Pete,10.38,2.0,2,100,0,85.0,0,0,3.0,5.58,1.8,0.0,0.0
A-hidden-1,A,0,1,3,5,15,Kurt,1.4,2.0,2,100,0,41.0,0,0,0.0,0.0,0.0,0.0,1.4
A-hidden-1,A,0,1,3,5,15,Stella,1.8,2.0,2,100,0,38.0,0,0,0.0,0.0,0.0,0.0,1.8
A-hidden-1,A,0,1,3,5,15,Lucky,0.0,1.0,1,100,0,51.0,0,0,0.0,0.0,0.0,0.0,0.0
A-hidden-1,A,0,1,3,5,15,Alice,0.0,1.35,1.5,90.0,0,5,0,0,0.0,0.0,0.0,0.0,0.0
A-hidden-1,A,0,1,3,5,15,Bob,0.0,0.75,1.5,50.0,0,25.0,0,0,0.0,0.0,0.0,0.0,0.0
A-hidden-1,A,0,1,3,5,15,Pete,13.18,2.0,2,100,0,85.0,0,0,3.0,8.38,1.8,0.0,0.0
A-hidden-1,A,0,1,4,1,16,Kurt,3.62,2.0,2,100,0,36.0,0,0,0.0,0.0,0.0,0.0,3.62
A-hidden-1,A,0,1,4,1,16,Stella,3.64,2.0,2,100,0,13.0,0,0,0.0,0.0,0.0,0.0,3.64
A-hidden-1,A,0,1,4,1,16,Lucky,0.0,1.0,1,100,0,51.0,0,0,0.0,0.0,0.0,0.0,0.0
A-hidden-1,A,0,1,4,1,16,Alice,0.0,0,1.5,0.0,1,10,0,0,0.0,0.0,0.0,0.0,0.0
A-hidden-1,A,0,1,4,1,16,Bob,0.0,0,1.5,0.0,1,30.0,0,0,0.0,0.0,0.0,0.0,0.0
A-hidden-1,A,0,1,4,1,16,Pete,10.89,2.0,2,100,0,85.0,0,0,3.0,6.63,1.26,0.0,0.0
A-hidden-1,A,0,1,4,2,17,Kurt,6.12,2.0,2,100,0,31.0,0,0,0.0,0.0,0.0,0.0,6.12
A-hidden-1,A,0,1,4,2,17,Stella,1.64,2.0,2,100,0,33.0,0,0,0.0,0.0,0.0,0.0,1.64
A-hidden-1,A,0,1,4,2,17,Lucky,0.5,1.0,1,100,0,46.0,0,0,0.0,0.0,0.0,0.0,0.5
A-hidden-1,A,0,1,4,2,17,Alice,0.0,0,1.5,0.0,1,15,0,0,0.0,0.0,0.0,0.0,0.0
A-hidden-1,A,0,1,4,2,17,Bob,0.0,0.7,1.5,46.7,1,15.0,0,0,0.0,0.0,0.0,0.0,0.0
A-hidden-1,A,0,1,4,2,17,Pete,12.49,2.0,2,100,0,85.0,0,0,3.0,8.23,1.26,0.0,0.0
A-hidden-1,A,0,1,4,3,18,Kurt,7.02,2.0,2,100,0,6.0,0,0,0.0,0.0,0.0,0.0,7.02
A-hidden-1,A,0,1,4,3,18,Stella,2.94,2.0,2,100,0,8.0,0,0,0.0,0.0,0.0,0.0,2.94
A-hidden-1,A,0,1,4,3,18,Lucky,0.6,1.0,1,100,0,41.0,0,0,0.0,0.0,0.0,0.0,0.6
A-hidden-1,A,0,1,4,3,18,Alice,0.3,1.5,1.5,100,0,15,0,0,0.0,0.0,0.0,0.0,0.3
A-hidden-1,A,0,1,4,3,18,Bob,0.55,0.75,1.5,50.0,0,10.0,0,0,0.0,0.0,0.55,0.0,0.0
A-hidden-1,A,0,1,4,3,18,Pete,15.29,2.0,2,100,0,85.0,0,0,3.0,11.03,1.26,0.0,0.0
A-hidden-1,A,0,1,4,4,19,Kurt,5.02,2.0,2,100,0,26.0,0,0,0.0,0.0,0.0,0.0,5.02
A-hidden-1,A,0,1,4,4,19,Stella,0.94,2.0,2,100,0,28.0,0,0,0.0,0.0,0.0,0.0,0.94
A-hidden-1,A,0,1,4,4,19,Lucky,0.4,1.0,1,100,0,36.0,0,0,0.0,0.0,0.0,0.0,0.4
A-hidden-1,A,0,1,4,4,19,Alice,0.0,1.5,1.5,100,0,15,0,0,0.0,0.0,0.0,0.0,0.0
A-hidden-1,A,0,1,4,4,19,Bob,0.6,0.75,1.5,50.0,0,5,0,0,0.0,0.0,0.6,0.0,0.0
A-hidden-1,A,0,1,4,4,19,Pete,18.09,2.0,2,100,0,85.0,0,0,3.0,13.83,1.26,0.0,0.0
A-hidden-1,A,0,1,4,5,20,Kurt,1.96,2.0,2,100,0,46.0,0,0,0.0,0.0,0.0,0.0,1.96
A-hidden-1,A,0,1,4,5,20,Stella,0.0,2.0,2,100,0,48.0,0,0,0.0,0.0,0.0,0.0,0.0
A-hidden-1,A,0,1,4,5,20,Lucky,0.2,1.0,1,100,0,31.0,0,0,0.0,0.0,0.0,0.0,0.2
A-hidden-1,A,0,1,4,5,20,Alice,0.0,1.3,1.5,86.7,0,10,0,0,0.0,0.0,0.0,0.0,0.0
A-hidden-1,A,0,1,4,5,20,Bob,0.0,0.6,1.5,40.0,1,10,0,0,0.0,0.0,0.0,0.0,0.0
A-hidden-1,A,0,1,4,5,20,Pete,19.69,2.0,2,100,0,85.0,0,0,3.0,15.43,1.26,0.0,0.0
B-hidden-1,B,0,1,1,1,1,Kurt,4.4,2.0,2,100,0,63.0,0,0,3.0,0.0,0.0,1.4,0.0
B-hidden-1,B,0,1,1,1,1,Stella,3.2,2.0,2,100,0,63.0,0,0,3.0,0.0,0.0,0.2,0.0
B-hidden-1,B,0,1,1,1,1,Lucky,3.5,1.0,1,100,0,63.0,0,0,3.0,0.0,0.0,0.5,0.0
B-hidden-1,B,0,1,1,1,1,Alice,4.1,1.5,1.5,100,0,65.0,0,0,3.0,0.0,0.0,0.0,1.1
B-hidden-1,B,0,1,1,1,1,Bob,2.8,1.5,1.5,100,0,70.0,0,0,2.8,0.0,0.0,0.0,0.0
B-hidden-1,B,0,1,1,1,1,Pete,4.6,2.0,2,100,0,70.0,0,0,3.0,1.6,0.0,0.0,0.0
B-hidden-1,B,0,1,1,2,2,Kurt,2.4,2.0,2,100,0,58.0,0,0,2.4,0.0,0.0,0.0,0.0
B-hidden-1,B,0,1,1,2,2,Stella,3.4,2.0,2,100,0,56.0,0,0,3.0,0.0,0.0,0.4,0.0
B-hidden-1,B,0,1,1,2,2,Lucky,3.6,1.0,1,100,0,56.0,0,0,3.0,0.0,0.0,0.6,0.0
B-hidden-1,B,0,1,1,2,2,Alice,3.9,1.5,1.5,100,0,60.0,0,0,3.0,0.0,0.0,0.0,0.9
B-hidden-1,B,0,1,1,2,2,Bob,2.0,1.5,1.5,100,0,70.0,0,0,2.0,0.0,0.0,0.0,0.0
B-hidden-1,B,0,1,1,2,2,Pete,6.2,2.0,2,100,0,70.0,0,0,3.0,3.2,0.0,0.0,0.0
B-hidden-1,B,0,1,1,3,3,Kurt,4.9,2.0,2,100,0,33.0,0,0,2.4,0.0,0.0,0.0,2.5
B-hidden-1,B,0,1,1,3,3,Stella,3.6,2.0,2,100,0,51.0,0,0,3.0,0.0,0.0,0.4,0.2
B-hidden-1,B,0,1,1,3,3,Lucky,3.4,1.0,1,100,0,31.0,0,0,3.0,0.0,0.0,0.4,0.0
B-hidden-1,B,0,1,1,3,3,Alice,3.7,1.5,1.5,100,0,55.0,0,0,3.0,0.0,0.0,0.0,0.7
B-hidden-1,B,0,1,1,3,3,Bob,1.2,1.5,1.5,100,0,70.0,0,0,1.2,0.0,0.0,0.0,0.0
B-hidden-1,B,0,1,1,3,3,Pete,7.8,2.0,2,100,0,70.0,0,0,3.0,4.8,0.0,0.0,0.0
B-hidden-1,B,0,1,1,4,4,Kurt,7.4,2.0,2,100,0,28.0,0,0,2.4,0.0,0.0,0.0,5.0
B-hidden-1,B,0,1,1,4,4,Stella,3.8,2.0,2,100,0,46.0,0,0,3.0,0.0,0.0,0.4,0.4
B-hidden-1,B,0,1,1,4,4,Lucky,3.9,1.0,1,100,0,26.0,0,0,3.0,0.0,0.0,0.4,0.5
B-hidden-1,B,0,1,1,4,4,Alice,4.2,1.5,1.5,100,0,50.0,0,0,3.0,0.0,0.0,0.0,1.2
B-hidden-1,B,0,1,1,4,4,Bob,0.4,1.5,1.5,100,0,70.0,0,0,0.4,0.0,0.0,0.0,0.0
B-hidden-1,B,0,1,1,4,4,Pete,10.6,2.0,2,100,0,70.0,0,0,3.0,7.6,0.0,0.0,0.0
B-hidden-1,B,0,1,1,5,5,Kurt,5.4,2.0,2,100,0,48.0,0,0,2.4,0.0,0.0,0.0,3.0
B-hidden-1,B,0,1,1,5,5,Stella,5.1,2.0,2,100,0,41.0,0,0,3.0,0.0,0.0,0.4,1.7
B-hidden-1,B,0,1,1,5,5,Lucky,2.9,1.0,1,100,0,46.0,0,0,2.9,0.0,0.0,0.0,0.0
B-hidden-1,B,0,1,1,5,5,Alice,4.3,1.5,1.5,100,0,45.0,0,0,3.0,0.0,0.0,0.0,1.3
B-hidden-1,B,0,1,1,5,5,Bob,0.0,1.5,1.5,100,0,70.0,0,0,0.0,0.0,0.0,0.0,0.0
B-hidden-1,B,0,1,1,5,5,Pete,12.2,2.0,2,100,0,70.0,0,0,3.0,9.2,0.0,0.0,0.0
B-hidden-1,B,0,1,2,1,6,Kurt,7.3,2.0,2,100,0,43.0,0,0,2.4,0.0,0.0,0.0,4.9
B-hidden-1,B,0,1,2,1,6,Stella,5.72,2.0,2,100,0,41.0,0,0,3.0,1.0,0.0,0.36,1.36
B-hidden-1,B,0,1,2,1,6,Lucky,2.7,1.0,1,100,0,41.0,0,0,2.7,0.0,0.0,0.0,0.0
B-hidden-1,B,0,1,2,1,6,Alice,4.34,1.5,1.5,100,0,20.0,0,0,3.0,0.0,0.0,0.0,1.34
B-hidden-1,B,0,1,2,1,6,Bob,0.0,1.5,1.5,100,0,70.0,0,0,0.0,0.0,0.0,0.0,0.0
B-hidden-1,B,0,1,2,1,6,Pete,12.22,2.0,2,100,0,70.0,0,0,3.0,9.22,0.0,0.0,0.0
B-hidden-1,B,0,1,2,2,7,Kurt,7.5,2.0,2,100,0,18.0,0,0,2.4,0.0,0.0,0.0,5.1
B-hidden-1,B,0,1,2,2,7,Stella,7.02,2.0,2,100,0,41.0,0,0,3.0,0.0,0.0,0.36,3.66
B-hidden-1,B,0,1,2,2,7,Lucky,2.5,1.0,1,100,0,16.0,0,0,2.5,0.0,0.0,0.0,0.0
B-hidden-1,B,0,1,2,2,7,Alice,2.04,1.5,1.5,100,0,40.0,0,0,2.04,0.0,0.0,0.0,0.0
B-hidden-1,B,0,1,2,2,7,Bob,0.0,1.5,1.5,100,0,70.0,0,0,0.0,0.0,0.0,0.0,0.0
B-hidden-1,B,0,1,2,2,7,Pete,13.82,2.0,2,100,0,70.0,0,0,3.0,10.82,0.0,0.0,0.0
B-hidden-1,B,0,1,2,3,8,Kurt,5.5,2.0,2,100,0,38.0,0,0,2.4,0.0,0.0,0.0,3.1
B-hidden-1,B,0,1,2,3,8,Stella,7.72,2.0,2,100,0,41.0,0,0,3.0,0.7,0.0,0.36,3.66
B-hidden-1,B,0,1,2,3,8,Lucky,1.9,1.0,1,100,0,16.0,0,0,1.9,0.0,0.0,0.0,0.0
B-hidden-1,B,0,1,2,3,8,Alice,2.34,1.5,1.5,100,0,15.0,0,0,2.04,0.0,0.0,0.0,0.3
B-hidden-1,B,0,1,2,3,8,Bob,0.0,1.5,1.5,100,0,70.0,0,0,0.0,0.0,0.0,0.0,0.0
B-hidden-1,B,0,1,2,3,8,Pete,14.52,2.0,2,100,0,70.0,0,0,3.0,11.52,0.0,0.0,0.0
B-hidden-1,B,0,1,2,4,9,Kurt,6.9,2.0,2,100,0,33.0,0,0,2.4,0.0,0.0,0.0,4.5
B-hidden-1,B,0,1,2,4,9,Stella,9.02,2.0,2,100,0,41.0,0,0,3.0,0.0,0.0,0.36,5.66
B-hidden-1,B,0,1,2,4,9,Lucky,0.9,1.0,1,100,0,36.0,0,0,0.9,0.0,0.0,0.0,0.0
B-hidden-1,B,0,1,2,4,9,Alice,0.64,1.5,1.5,100,0,35.0,0,0,0.64,0.0,0.0,0.0,0.0
B-hidden-1,B,0,1,2,4,9,Bob,0.0,1.5,1.5,100,0,70.0,0,0,0.0,0.0,0.0,0.0,0.0
B-hidden-1,B,0,1,2,4,9,Pete,16.12,2.0,2,100,0,70.0,0,0,3.0,13.12,0.0,0.0,0.0
B-hidden-1,B,0,1,2,5,10,Kurt,8.3,2.0,2,100,0,28.0,0,0,2.4,0.0,0.0,0.0,5.9
B-hidden-1,B,0,1,2,5,10,Stella,10.32,2.0,2,100,0,36.0,0,0,3.0,0.0,0.0,0.36,6.96
B-hidden-1,B,0,1,2,5,10,Lucky,1.4,1.0,1,100,0,31.0,0,0,0.9,0.0,0.0,0.0,0.5
B-hidden-1,B,0,1,2,5,10,Alice,0.0,0.64,1.5,42.7,1,40.0,0,0,0.0,0.0,0.0,0.0,0.0
B-hidden-1,B,0,1,2,5,10,Bob,0.0,0.7,1.5,46.7,1,55.0,0,0,0.0,0.0,0.0,0.0,0.0
B-hidden-1,B,0,1,2,5,10,Pete,17.72,2.0,2,100,0,70.0,0,0,3.0,14.72,0.0,0.0,0.0
B-hidden-1,B,0,1,3,1,11,Kurt,5.72,2.0,2,100,0,28.0,0,1,2.4,0.0,0.0,0.0,3.32
B-hidden-1,B,0,1,3,1,11,Stella,7.99,2.0,2,100,0,36.0,0,1,3.0,0.0,0.0,0.32,4.67
B-hidden-1,B,0,1,3,1,11,Lucky,0.5,1.0,1,100,0,31.0,0,1,0.5,0.0,0.0,0.0,0.0
B-hidden-1,B,0,1,3,1,11,Alice,0.0,0.7,1.5,46.7,1,25.0,0,1,0.0,0.0,0.0,0.0,0.0
B-hidden-1,B,0,1,3,1,11,Bob,0.0,0.3,1.5,20.0,1,40.0,0,1,0.0,0.0,0.0,0.0,0.0
B-hidden-1,B,0,1,3,1,11,Pete,10.43,2.0,2,100,0,75.0,0,1,3.0,6.83,0.6,0.0,0.0
B-hidden-1,B,0,1,3,2,12,Kurt,4.32,2.0,2,100,0,28.0,0,1,2.4,0.0,0.0,0.0,1.92
B-hidden-1,B,0,1,3,2,12,Stella,6.79,2.0,2,100,0,36.0,0,1,3.0,0.0,0.0,0.32,3.47
B-hidden-1,B,0,1,3,2,12,Lucky,0.0,1.0,1,100,0,31.0,0,1,0.0,0.0,0.0,0.0,0.0
B-hidden-1,B,0,1,3,2,12,Alice,0.0,0.3,1.5,20.0,1,10.0,0,1,0.0,0.0,0.0,0.0,0.0
B-hidden-1,B,0,1,3,2,12,Bob,0.0,0.3,1.5,20.0,1,25.0,0,1,0.0,0.0,0.0,0.0,0.0
B-hidden-1,B,0,1,3,2,12,Pete,9.03,2.0,2,100,0,80.0,0,1,3.0,4.83,1.2,0.0,0.0
B-hidden-1,B,0,1,3,3,13,Kurt,2.92,2.0,2,100,0,28.0,0,1,2.4,0.0,0.0,0.0,0.52
B-hidden-1,B,0,1,3,3,13,Stella,5.29,2.0,2,100,0,36.0,0,1,3.0,0.0,0.0,0.32,1.97
B-hidden-1,B,0,1,3,3,13,Lucky,0.0,1.0,1,100,0,31.0,0,1,0.0,0.0,0.0,0.0,0.0
B-hidden-1,B,0,1,3,3,13,Alice,0.0,0.7,1.5,46.7,1,0,0,1,0.0,0.0,0.0,0.0,0.0
B-hidden-1,B,0,1,3,3,13,Bob,0.0,0.7,1.5,46.7,1,10.0,0,1,0.0,0.0,0.0,0.0,0.0
B-hidden-1,B,0,1,3,3,13,Pete,7.63,2.0,2,100,0,85.0,0,1,3.0,2.83,1.8,0.0,0.0
B-hidden-1,B,0,1,3,4,14,Kurt,0.92,2.0,2,100,0,48.0,0,0,0.92,0.0,0.0,0.0,0.0
B-hidden-1,B,0,1,3,4,14,Stella,6.39,2.0,2,100,0,31.0,0,0,3.0,0.0,0.0,0.32,3.07
B-hidden-1,B,0,1,3,4,14,Lucky,0.0,1.0,1,100,0,26.0,0,0,0.0,0.0,0.0,0.0,0.0
B-hidden-1,B,0,1,3,4,14,Alice,0.0,0,1.5,0.0,1,5,0,0,0.0,0.0,0.0,0.0,0.0
B-hidden-1,B,0,1,3,4,14,Bob,0.0,0,1.5,0.0,1,15.0,0,0,0.0,0.0,0.0,0.0,0.0
B-hidden-1,B,0,1,3,4,14,Pete,9.23,2.0,2,100,0,85.0,0,0,3.0,4.43,1.8,0.0,0.0
B-hidden-1,B,0,1,3,5,15,Kurt,3.42,2.0,2,100,0,43.0,0,0,0.92,0.0,0.0,0.0,2.5
B-hidden-1,B,0,1,3,5,15,Stella,5.59,2.0,2,100,0,26.0,0,0,3.0,0.0,0.0,0.32,2.27
B-hidden-1,B,0,1,3,5,15,Lucky,0.0,1.0,1,100,0,46.0,0,0,0.0,0.0,0.0,0.0,0.0
B-hidden-1,B,0,1,3,5,15,Alice,0.0,0,1.5,0.0,1,10,0,0,0.0,0.0,0.0,0.0,0.0
B-hidden-1,B,0,1,3,5,15,Bob,0.0,0,1.5,0.0,1,20.0,0,0,0.0,0.0,0.0,0.0,0.0
B-hidden-1,B,0,1,3,5,15,Pete,10.83,2.0,2,100,0,85.0,0,0,3.0,6.03,1.8,0.0,0.0
B-hidden-1,B,0,1,4,1,16,Kurt,3.32,2.0,2,100,0,38.0,0,0,0.92,0.0,0.0,0.0,2.4
B-hidden-1,B,0,1,4,1,16,Stella,3.11,2.0,2,100,0,46.0,0,0,3.0,0.0,0.0,0.11,0.0
B-hidden-1,B,0,1,4,1,16,Lucky,0.0,1.0,1,100,0,66.0,0,0,0.0,0.0,0.0,0.0,0.0
B-hidden-1,B,0,1,4,1,16,Alice,0.0,0,1.5,0.0,1,15,0,0,0.0,0.0,0.0,0.0,0.0
B-hidden-1,B,0,1,4,1,16,Bob,0.0,0,1.5,0.0,1,25.0,0,0,0.0,0.0,0.0,0.0,0.0
B-hidden-1,B,0,1,4,1,16,Pete,10.68,2.0,2,100,0,85.0,0,0,3.0,6.42,1.26,0.0,0.0
B-hidden-1,B,0,1,4,2,17,Kurt,4.82,2.0,2,100,0,33.0,0,0,0.92,0.0,0.0,0.0,3.9
B-hidden-1,B,0,1,4,2,17,Stella,5.51,2.0,2,100,0,21.0,0,0,3.0,0.0,0.0,0.11,2.4
B-hidden-1,B,0,1,4,2,17,Lucky,0.0,1.0,1,100,0,86.0,0,0,0.0,0.0,0.0,0.0,0.0
B-hidden-1,B,0,1,4,2,17,Alice,0.0,0,1.5,0.0,1,20,0,0,0.0,0.0,0.0,0.0,0.0
B-hidden-1,B,0,1,4,2,17,Bob,0.0,0,1.5,0.0,1,30.0,0,0,0.0,0.0,0.0,0.0,0.0
B-hidden-1,B,0,1,4,2,17,Pete,12.28,2.0,2,100,0,85.0,0,0,3.0,8.02,1.26,0.0,0.0
B-hidden-1,B,0,1,4,3,18,Kurt,3.82,2.0,2,100,0,28.0,0,0,0.92,0.0,0.0,0.0,2.9
B-hidden-1,B,0,1,4,3,18,Stella,3.01,2.0,2,100,0,41.0,0,0,3.0,0.0,0.0,0.01,0.0
B-hidden-1,B,0,1,4,3,18,Lucky,0.0,1.0,1,100,0,86.0,0,0,0.0,0.0,0.0,0.0,0.0
B-hidden-1,B,0,1,4,3,18,Alice,0.0,1.5,1.5,100,0,40,0,0,0.0,0.0,0.0,0.0,0.0
B-hidden-1,B,0,1,4,3,18,Bob,0.0,0,1.5,0.0,1,30,0,0,0.0,0.0,0.0,0.0,0.0
B-hidden-1,B,0,1,4,3,18,Pete,13.88,2.0,2,100,0,85.0,0,0,3.0,9.62,1.26,0.0,0.0
B-hidden-1,B,0,1,4,4,19,Kurt,1.82,2.0,2,100,0,48.0,0,0,0.92,0.0,0.0,0.0,0.9
B-hidden-1,B,0,1,4,4,19,Stella,3.71,2.0,2,100,0,36.0,0,0,3.0,0.0,0.0,0.01,0.7
B-hidden-1,B,0,1,4,4,19,Lucky,0.0,1.0,1,100,0,81.0,0,0,0.0,0.0,0.0,0.0,0.0
B-hidden-1,B,0,1,4,4,19,Alice,0.0,0,1.5,0.0,1,45,0,0,0.0,0.0,0.0,0.0,0.0
B-hidden-1,B,0,1,4,4,19,Bob,0.0,0,1.5,0.0,1,30,0,0,0.0,0.0,0.0,0.0,0.0
B-hidden-1,B,0,1,4,4,19,Pete,15.48,2.0,2,100,0,85.0,0,0,3.0,11.22,1.26,0.0,0.0
B-hidden-1,B,0,1,4,5,20,Kurt,3.22,2.0,2,100,0,23.0,0,0,0.92,0.0,0.0,0.0,2.3
B-hidden-1,B,0,1,4,5,20,Stella,4.01,2.0,2,100,0,31.0,0,0,3.0,0.0,0.0,0.01,1.0
B-hidden-1,B,0,1,4,5,20,Lucky,0.0,1.0,1,100,0,76.0,0,0,0.0,0.0,0.0,0.0,0.0
B-hidden-1,B,0,1,4,5,20,Alice,0.0,0,1.5,0.0,1,50,0,0,0.0,0.0,0.0,0.0,0.0
B-hidden-1,B,0,1,4,5,20,Bob,0.0,0,1.5,0.0,1,30,0,0,0.0,0.0,0.0,0.0,0.0
B-hidden-1,B,0,1,4,5,20,Pete,18.28,2.0,2,100,0,85.0,0,0,3.0,14.02,1.26,0.0,0.0
A-hidden-2,A,0,2,1,1,1,Kurt,3.2,2.0,2,100,0,63.0,0,0,3.0,0.0,0.0,0.2,0.0
A-hidden-2,A,0,2,1,1,1,Stella,3.2,2.0,2,100,0,65.0,0,0,3.0,0.0,0.0,0.0,0.2
A-hidden-2,A,0,2,1,1,1,Lucky,2.0,1.0,1,100,0,90.0,0,0,2.0,0.0,0.0,0.0,0.0
A-hidden-2,A,0,2,1,1,1,Alice,2.2,1.5,1.5,100,0,70.0,0,0,2.2,0.0,0.0,0.0,0.0
A-hidden-2,A,0,2,1,1,1,Bob,1.5,1.5,1.5,100,0,90.0,0,0,1.5,0.0,0.0,0.0,0.0
A-hidden-2,A,0,2,1,1,1,Pete,4.6,2.0,2,100,0,70.0,0,0,3.0,1.6,0.0,0.0,0.0
A-hidden-2,A,0,2,1,2,2,Kurt,5.7,2.0,2,100,0,56.0,0,0,3.0,0.0,0.0,2.7,0.0
A-hidden-2,A,0,2,1,2,2,Stella,6.4,2.0,2,100,0,65.0,0,0,3.0,3.2,0.0,0.0,0.2
A-hidden-2,A,0,2,1,2,2,Lucky,1.0,1.0,1,100,0,100,0,0,1.0,0.0,0.0,0.0,0.0
A-hidden-2,A,0,2,1,2,2,Alice,2.0,1.5,1.5,100,0,70.0,0,0,2.0,0.0,0.0,0.0,0.0
A-hidden-2,A,0,2,1,2,2,Bob,0.0,1.5,1.5,100,0,100,0,0,0.0,0.0,0.0,0.0,0.0
A-hidden-2,A,0,2,1,2,2,Pete,7.9,2.0,2,100,0,70.0,0,0,3.0,4.9,0.0,0.0,0.0
A-hidden-2,A,0,2,1,3,3,Kurt,8.2,2.0,2,100,0,31.0,0,0,3.0,0.0,0.0,2.7,2.5
A-hidden-2,A,0,2,1,3,3,Stella,5.5,2.0,2,100,0,65.0,0,0,3.0,2.3,0.0,0.0,0.2
A-hidden-2,A,0,2,1,3,3,Lucky,0.0,1.0,1,100,0,100,0,0,0.0,0.0,0.0,0.0,0.0
A-hidden-2,A,0,2,1,3,3,Alice,0.4,1.5,1.5,100,0,70.0,0,0,0.4,0.0,0.0,0.0,0.0
A-hidden-2,A,0,2,1,3,3,Bob,0.0,1.5,1.5,100,0,100,0,0,0.0,0.0,0.0,0.0,0.0
A-hidden-2,A,0,2,1,3,3,Pete,9.5,2.0,2,100,0,70.0,0,0,3.0,6.5,0.0,0.0,0.0
A-hidden-2,A,0,2,1,4,4,Kurt,8.4,2.0,2,100,0,6.0,0,0,3.0,0.0,0.0,2.7,2.7
A-hidden-2,A,0,2,1,4,4,Stella,6.8,2.0,2,100,0,63.0,0,0,3.0,0.3,0.0,3.3,0.2
A-hidden-2,A,0,2,1,4,4,Lucky,0.1,1.0,1,100,0,93,0,0,0.0,0.0,0.0,0.1,0.0
A-hidden-2,A,0,2,1,4,4,Alice,0.0,1.1,1.5,73.3,0,65.0,0,0,0.0,0.0,0.0,0.0,0.0
A-hidden-2,A,0,2,1,4,4,Bob,0.0,1.3,1.5,86.7,0,95,0,0,0.0,0.0,0.0,0.0,0.0
A-hidden-2,A,0,2,1,4,4,Pete,11.1,2.0,2,100,0,70.0,0,0,3.0,8.1,0.0,0.0,0.0
A-hidden-2,A,0,2,1,5,5,Kurt,6.4,2.0,2,100,0,26.0,0,0,3.0,0.0,0.0,2.7,0.7
A-hidden-2,A,0,2,1,5,5,Stella,9.2,2.0,2,100,0,56.0,0,0,3.0,0.0,0.0,6.2,0.0
A-hidden-2,A,0,2,1,5,5,Lucky,0.2,1.0,1,100,0,86,0,0,0.0,0.0,0.0,0.2,0.0
A-hidden-2,A,0,2,1,5,5,Alice,0.0,1.3,1.5,86.7,0,60.0,0,0,0.0,0.0,0.0,0.0,0.0
A-hidden-2,A,0,2,1,5,5,Bob,0.0,1.3,1.5,86.7,0,90,0,0,0.0,0.0,0.0,0.0,0.0
A-hidden-2,A,0,2,1,5,5,Pete,13.9,2.0,2,100,0,70.0,0,0,3.0,10.9,0.0,0.0,0.0
A-hidden-2,A,0,2,2,1,6,Kurt,3.99,2.0,2,100,0,46.0,0,0,3.0,0.0,0.0,0.99,0.0
A-hidden-2,A,0,2,2,1,6,Stella,7.68,2.0,2,100,0,56.0,0,0,3.0,0.0,0.0,4.68,0.0
A-hidden-2,A,0,2,2,1,6,Lucky,0.28,1.0,1,100,0,79,0,0,0.0,0.0,0.0,0.28,0.0
A-hidden-2,A,0,2,2,1,6,Alice,0.0,1.3,1.5,86.7,0,55.0,0,0,0.0,0.0,0.0,0.0,0.0
A-hidden-2,A,0,2,2,1,6,Bob,0.0,0.7,1.5,46.7,1,60,0,0,0.0,0.0,0.0,0.0,0.0
A-hidden-2,A,0,2,2,1,6,Pete,11.14,2.0,2,100,0,70.0,0,0,3.0,8.14,0.0,0.0,0.0
A-hidden-2,A,0,2,2,2,7,Kurt,4.19,2.0,2,100,0,41.0,0,0,3.0,0.0,0.0,0.99,0.2
A-hidden-2,A,0,2,2,2,7,Stella,8.98,2.0,2,100,0,51.0,0,0,3.0,0.0,0.0,4.68,1.3
A-hidden-2,A,0,2,2,2,7,Lucky,0.38,1.0,1,100,0,72,0,0,0.0,0.0,0.0,0.38,0.0
A-hidden-2,A,0,2,2,2,7,Alice,0.0,1.3,1.5,86.7,0,50.0,0,0,0.0,0.0,0.0,0.0,0.0
A-hidden-2,A,0,2,2,2,7,Bob,0.0,0.7,1.5,46.7,1,45,0,0,0.0,0.0,0.0,0.0,0.0
A-hidden-2,A,0,2,2,2,7,Pete,12.74,2.0,2,100,0,70.0,0,0,3.0,9.74,0.0,0.0,0.0
A-hidden-2,A,0,2,2,3,8,Kurt,6.69,2.0,2,100,0,16.0,0,0,3.0,0.0,0.0,0.99,2.7
A-hidden-2,A,0,2,2,3,8,Stella,8.56,2.0,2,100,0,26.0,0,0,3.0,0.0,0.0,4.68,0.88
A-hidden-2,A,0,2,2,3,8,Lucky,0.0,1.0,1,100,0,92,0,0,0.0,0.0,0.0,0.0,0.0
A-hidden-2,A,0,2,2,3,8,Alice,0.0,1.3,1.5,86.7,0,45.0,0,0,0.0,0.0,0.0,0.0,0.0
A-hidden-2,A,0,2,2,3,8,Bob,0.0,0.7,1.5,46.7,1,30,0,0,0.0,0.0,0.0,0.0,0.0
A-hidden-2,A,0,2,2,3,8,Pete,14.34,2.0,2,100,0,70.0,0,0,3.0,11.34,0.0,0.0,0.0
A-hidden-2,A,0,2,2,4,9,Kurt,4.69,2.0,2,100,0,36.0,0,0,3.0,0.0,0.0,0.99,0.7
A-hidden-2,A,0,2,2,4,9,Stella,6.36,2.0,2,100,0,46.0,0,0,3.0,0.0,0.0,3.36,0.0
A-hidden-2,A,0,2,2,4,9,Lucky,0.0,1.0,1,100,0,92,0,0,0.0,0.0,0.0,0.0,0.0
A-hidden-2,A,0,2,2,4,9,Alice,0.0,0.7,1.5,46.7,1,30.0,0,0,0.0,0.0,0.0,0.0,0.0
A-hidden-2,A,0,2,2,4,9,Bob,0.0,0.7,1.5,46.7,1,15,0,0,0.0,0.0,0.0,0.0,0.0
A-hidden-2,A,0,2,2,4,9,Pete,17.14,2.0,2,100,0,70.0,0,0,3.0,14.14,0.0,0.0,0.0
A-hidden-2,A,0,2,2,5,10,Kurt,2.69,2.0,2,100,0,56.0,0,0,2.69,0.0,0.0,0.0,0.0
A-hidden-2,A,0,2,2,5,10,Stella,5.96,2.0,2,100,0,41.0,0,0,3.0,0.0,0.0,2.96,0.0
A-hidden-2,A,0,2,2,5,10,Lucky,0.0,1.0,1,100,0,87,0,0,0.0,0.0,0.0,0.0,0.0
A-hidden-2,A,0,2,2,5,10,Alice,0.0,0.75,1.5,50.0,0,25.0,0,0,0.0,0.0,0.0,0.0,0.0
A-hidden-2,A,0,2,2,5,10,Bob,0.0,0.55,1.5,36.7,1,20,0,0,0.0,0.0,0.0,0.0,0.0
A-hidden-2,A,0,2,2,5,10,Pete,19.94,2.0,2,100,0,70.0,0,0,3.0,16.94,0.0,0.0,0.0
A-hidden-2,A,0,2,3,1,11,Kurt,1.29,2.0,2,100,0,56.0,0,1,1.29,0.0,0.0,0.0,0.0
A-hidden-2,A,0,2,3,1,11,Stella,3.46,2.0,2,100,0,41.0,0,1,3.0,0.0,0.0,0.46,0.0
A-hidden-2,A,0,2,3,1,11,Lucky,0.0,1.0,1,100,0,87,0,1,0.0,0.0,0.0,0.0,0.0
A-hidden-2,A,0,2,3,1,11,Alice,0.0,0.7,1.5,46.7,1,10.0,0,1,0.0,0.0,0.0,0.0,0.0
A-hidden-2,A,0,2,3,1,11,Bob,0.0,0.7,1.5,46.7,1,5,0,1,0.0,0.0,0.0,0.0,0.0
A-hidden-2,A,0,2,3,1,11,Pete,11.76,2.0,2,100,0,75.0,0,1,3.0,8.16,0.6,0.0,0.0
A-hidden-2,A,0,2,3,2,12,Kurt,0.39,2.0,2,100,0,56.0,0,1,0.39,0.0,0.0,0.0,0.0
A-hidden-2,A,0,2,3,2,12,Stella,1.26,2.0,2,100,0,41.0,0,1,1.26,0.0,0.0,0.0,0.0
A-hidden-2,A,0,2,3,2,12,Lucky,0.0,1.0,1,100,0,87,0,1,0.0,0.0,0.0,0.0,0.0
A-hidden-2,A,0,2,3,2,12,Alice,0.0,0.3,1.5,20.0,1,0,0,1,0.0,0.0,0.0,0.0,0.0
A-hidden-2,A,0,2,3,2,12,Bob,0.0,0,1.5,0.0,1,10,0,1,0.0,0.0,0.0,0.0,0.0
A-hidden-2,A,0,2,3,2,12,Pete,10.96,2.0,2,100,0,80.0,0,1,3.0,6.16,1.8,0.0,0.0
A-hidden-2,A,0,2,3,3,13,Kurt,0.0,1.85,2,92.5,0,51.0,0,1,0.0,0.0,0.0,0.0,0.0
A-hidden-2,A,0,2,3,3,13,Stella,0.0,2.0,2,100,0,41.0,0,1,0.0,0.0,0.0,0.0,0.0
A-hidden-2,A,0,2,3,3,13,Lucky,0.0,0.4,1,40.0,1,60,0,1,0.0,0.0,0.0,0.0,0.0
A-hidden-2,A,0,2,3,3,13,Alice,0.0,0,1.5,0.0,1,5,0,1,0.0,0.0,0.0,0.0,0.0
A-hidden-2,A,0,2,3,3,13,Bob,0.0,0.3,1.5,20.0,1,0,0,1,0.0,0.0,0.0,0.0,0.0
A-hidden-2,A,0,2,3,3,13,Pete,9.56,2.0,2,100,0,85.0,0,1,3.0,4.16,2.4,0.0,0.0
A-hidden-2,A,0,2,3,4,14,Kurt,1.2,2.0,2,100,0,46.0,0,0,0.0,0.0,0.0,0.0,1.2
A-hidden-2,A,0,2,3,4,14,Stella,0.2,2.0,2,100,0,36.0,0,0,0.0,0.0,0.0,0.0,0.2
A-hidden-2,A,0,2,3,4,14,Lucky,0.0,1.0,1,100,0,55,0,0,0.0,0.0,0.0,0.0,0.0
A-hidden-2,A,0,2,3,4,14,Alice,0.0,0,1.5,0.0,1,10,0,0,0.0,0.0,0.0,0.0,0.0
A-hidden-2,A,0,2,3,4,14,Bob,0.0,0,1.5,0.0,1,5,0,0,0.0,0.0,0.0,0.0,0.0
A-hidden-2,A,0,2,3,4,14,Pete,12.36,2.0,2,100,0,85.0,0,0,3.0,6.96,2.4,0.0,0.0
A-hidden-2,A,0,2,3,5,15,Kurt,1.4,2.0,2,100,0,41.0,0,0,0.0,0.0,0.0,0.0,1.4
A-hidden-2,A,0,2,3,5,15,Stella,2.4,2.0,2,100,0,11.0,0,0,0.0,0.0,0.0,0.0,2.4
A-hidden-2,A,0,2,3,5,15,Lucky,0.0,1.0,1,100,0,50,0,0,0.0,0.0,0.0,0.0,0.0
A-hidden-2,A,0,2,3,5,15,Alice,0.0,0,1.5,0.0,1,15,0,0,0.0,0.0,0.0,0.0,0.0
A-hidden-2,A,0,2,3,5,15,Bob,0.0,0,1.5,0.0,1,10,0,0,0.0,0.0,0.0,0.0,0.0
A-hidden-2,A,0,2,3,5,15,Pete,13.96,2.0,2,100,0,85.0,0,0,3.0,8.56,2.4,0.0,0.0
A-hidden-2,A,0,2,4,1,16,Kurt,2.54,2.0,2,100,0,16.0,0,0,0.0,0.0,0.0,0.0,2.54
A-hidden-2,A,0,2,4,1,16,Stella,0.0,2.0,2,100,0,31.0,0,0,0.0,0.0,0.0,0.0,0.0
A-hidden-2,A,0,2,4,1,16,Lucky,0.0,1.0,1,100,0,45,0,0,0.0,0.0,0.0,0.0,0.0
A-hidden-2,A,0,2,4,1,16,Alice,0.25,1.5,1.5,100,0,40,3.0,0,0.0,0.25,0.0,0.0,0.0
A-hidden-2,A,0,2,4,1,16,Bob,0.0,0.75,1.5,50.0,0,30,0,0,0.0,0.0,0.0,0.0,0.0
A-hidden-2,A,0,2,4,1,16,Pete,8.92,2.0,2,100,0,85.0,0,0,3.0,4.24,1.68,0.0,0.0
A-hidden-2,A,0,2,4,2,17,Kurt,0.54,2.0,2,100,0,36.0,0,0,0.0,0.0,0.0,0.0,0.54
A-hidden-2,A,0,2,4,2,17,Stella,1.1,2.0,2,100,0,6.0,0,0,0.0,0.0,0.0,0.0,1.1
A-hidden-2,A,0,2,4,2,17,Lucky,0.0,1.0,1,100,0,45,0,0,0.0,0.0,0.0,0.0,0.0
A-hidden-2,A,0,2,4,2,17,Alice,0.0,0.25,1.5,16.7,1,45,3.0,0,0.0,0.0,0.0,0.0,0.0
A-hidden-2,A,0,2,4,2,17,Bob,0.0,0,1.5,0.0,1,35,0,0,0.0,0.0,0.0,0.0,0.0
A-hidden-2,A,0,2,4,2,17,Pete,10.52,2.0,2,100,0,85.0,0,0,3.0,5.84,1.68,0.0,0.0
A-hidden-2,A,0,2,4,3,18,Kurt,0.0,2.0,2,100,0,11.0,0,0,0.0,0.0,0.0,0.0,0.0
A-hidden-2,A,0,2,4,3,18,Stella,0.0,1.84,2,92.0,0,21.0,0,0,0.0,0.0,0.0,0.0,0.0
A-hidden-2,A,0,2,4,3,18,Lucky,0.0,0.8,1,80.0,0,15,0,0,0.0,0.0,0.0,0.0,0.0
A-hidden-2,A,0,2,4,3,18,Alice,0.0,1.3,1.5,86.7,0,15,3.0,0,0.0,0.0,0.0,0.0,0.0
A-hidden-2,A,0,2,4,3,18,Bob,0.0,0,1.5,0.0,1,40,0,0,0.0,0.0,0.0,0.0,0.0
A-hidden-2,A,0,2,4,3,18,Pete,13.32,2.0,2,100,0,85.0,0,0,3.0,8.64,1.68,0.0,0.0
A-hidden-2,A,0,2,4,4,19,Kurt,0.0,0,2,0.0,1,16.0,0,0,0.0,0.0,0.0,0.0,0.0
A-hidden-2,A,0,2,4,4,19,Stella,0.0,0,2,0.0,1,26.0,0,0,0.0,0.0,0.0,0.0,0.0
A-hidden-2,A,0,2,4,4,19,Lucky,0.0,0,1,0.0,1,20,0,0,0.0,0.0,0.0,0.0,0.0
A-hidden-2,A,0,2,4,4,19,Alice,0.0,0,1.5,0.0,1,20,3.0,0,0.0,0.0,0.0,0.0,0.0
A-hidden-2,A,0,2,4,4,19,Bob,0.0,0,1.5,0.0,1,40,0,0,0.0,0.0,0.0,0.0,0.0
A-hidden-2,A,0,2,4,4,19,Pete,16.12,2.0,2,100,0,85.0,0,0,3.0,11.44,1.68,0.0,0.0
A-hidden-2,A,0,2,4,5,20,Kurt,0.0,0,2,0.0,1,21.0,0,0,0.0,0.0,0.0,0.0,0.0
A-hidden-2,A,0,2,4,5,20,Stella,0.0,0,2,0.0,1,31.0,0,0,0.0,0.0,0.0,0.0,0.0
A-hidden-2,A,0,2,4,5,20,Lucky,0.0,0,1,0.0,1,25,0,0,0.0,0.0,0.0,0.0,0.0
A-hidden-2,A,0,2,4,5,20,Alice,0.0,0.55,1.5,36.7,1,25,3.0,0,0.0,0.0,0.0,0.0,0.0
A-hidden-2,A,0,2,4,5,20,Bob,0.0,0.75,1.5,50.0,0,35,0,0,0.0,0.0,0.0,0.0,0.0
A-hidden-2,A,0,2,4,5,20,Pete,17.72,2.0,2,100,0,85.0,0,0,3.0,13.04,1.68,0.0,0.0
B-hidden-2,B,0,2,1,1,1,Kurt,3.2,2.0,2,100,0,63.0,0,0,3.0,0.0,0.0,0.2,0.0
B-hidden-2,B,0,2,1,1,1,Stella,3.2,2.0,2,100,0,63.0,0,0,3.0,0.0,0.0,0.2,0.0
B-hidden-2,B,0,2,1,1,1,Lucky,2.0,1.0,1,100,0,90.0,0,0,2.0,0.0,0.0,0.0,0.0
B-hidden-2,B,0,2,1,1,1,Alice,2.8,1.5,1.5,100,0,65.0,0,0,2.8,0.0,0.0,0.0,0.0
B-hidden-2,B,0,2,1,1,1,Bob,2.2,1.5,1.5,100,0,70.0,0,0,2.2,0.0,0.0,0.0,0.0
B-hidden-2,B,0,2,1,1,1,Pete,5.8,2.0,2,100,0,70.0,0,0,3.0,2.8,0.0,0.0,0.0
B-hidden-2,B,0,2,1,2,2,Kurt,4.6,2.0,2,100,0,56.0,0,0,3.0,0.0,0.0,1.6,0.0
B-hidden-2,B,0,2,1,2,2,Stella,1.2,2.0,2,100,0,58.0,0,0,1.2,0.0,0.0,0.0,0.0
B-hidden-2,B,0,2,1,2,2,Lucky,1.0,1.0,1,100,0,100,0,0,1.0,0.0,0.0,0.0,0.0
B-hidden-2,B,0,2,1,2,2,Alice,3.9,1.5,1.5,100,0,60.0,0,0,2.8,0.0,0.0,0.0,1.1
B-hidden-2,B,0,2,1,2,2,Bob,2.0,1.5,1.5,100,0,70.0,0,0,2.0,0.0,0.0,0.0,0.0
B-hidden-2,B,0,2,1,2,2,Pete,8.6,2.0,2,100,0,70.0,0,0,3.0,5.6,0.0,0.0,0.0
B-hidden-2,B,0,2,1,3,3,Kurt,5.2,2.0,2,100,0,31.0,0,0,3.0,0.0,0.0,1.6,0.6
B-hidden-2,B,0,2,1,3,3,Stella,0.0,2.0,2,100,0,53.0,0,0,0.0,0.0,0.0,0.0,0.0
B-hidden-2,B,0,2,1,3,3,Lucky,0.0,1.0,1,100,0,100,0,0,0.0,0.0,0.0,0.0,0.0
B-hidden-2,B,0,2,1,3,3,Alice,5.0,1.5,1.5,100,0,35.0,0,0,2.8,0.0,0.0,0.0,2.2
B-hidden-2,B,0,2,1,3,3,Bob,1.8,1.5,1.5,100,0,70.0,0,0,1.8,0.0,0.0,0.0,0.0
B-hidden-2,B,0,2,1,3,3,Pete,11.4,2.0,2,100,0,70.0,0,0,3.0,8.4,0.0,0.0,0.0
B-hidden-2,B,0,2,1,4,4,Kurt,2.2,2.0,2,100,0,51.0,0,0,2.2,0.0,0.0,0.0,0.0
B-hidden-2,B,0,2,1,4,4,Stella,0.2,2.0,2,100,0,48.0,0,0,0.0,0.0,0.0,0.0,0.2
B-hidden-2,B,0,2,1,4,4,Lucky,0.0,1.0,1,100,0,100,0,0,0.0,0.0,0.0,0.0,0.0
B-hidden-2,B,0,2,1,4,4,Alice,4.8,1.5,1.5,100,0,10.0,0,0,2.8,0.0,0.0,0.0,2.0
B-hidden-2,B,0,2,1,4,4,Bob,1.0,1.5,1.5,100,0,70.0,0,0,1.0,0.0,0.0,0.0,0.0
B-hidden-2,B,0,2,1,4,4,Pete,13.0,2.0,2,100,0,70.0,0,0,3.0,10.0,0.0,0.0,0.0
B-hidden-2,B,0,2,1,5,5,Kurt,4.7,2.0,2,100,0,26.0,0,0,2.2,0.0,0.0,0.0,2.5
B-hidden-2,B,0,2,1,5,5,Stella,2.5,2.0,2,100,0,48.0,0,0,0.0,0.0,0.0,0.0,2.5
B-hidden-2,B,0,2,1,5,5,Lucky,0.5,1.0,1,100,0,93,0,0,0.0,0.0,0.0,0.5,0.0
B-hidden-2,B,0,2,1,5,5,Alice,3.3,1.5,1.5,100,0,30.0,0,0,2.8,0.0,0.0,0.0,0.5
B-hidden-2,B,0,2,1,5,5,Bob,0.8,1.5,1.5,100,0,70.0,0,0,0.8,0.0,0.0,0.0,0.0
B-hidden-2,B,0,2,1,5,5,Pete,14.8,2.0,2,100,0,70.0,0,0,3.0,11.8,0.0,0.0,0.0
B-hidden-2,B,0,2,2,1,6,Kurt,2.2,2.0,2,100,0,46.0,0,0,2.2,0.0,0.0,0.0,0.0
B-hidden-2,B,0,2,2,1,6,Stella,2.8,2.0,2,100,0,48.0,0,0,0.0,0.0,0.0,0.0,2.8
B-hidden-2,B,0,2,2,1,6,Lucky,0.95,1.0,1,100,0,86,0,0,0.0,0.0,0.0,0.95,0.0
B-hidden-2,B,0,2,2,1,6,Alice,1.7,1.5,1.5,100,0,55.0,0,0,1.7,0.0,0.0,0.0,0.0
B-hidden-2,B,0,2,2,1,6,Bob,0.0,1.5,1.5,100,0,70.0,0,0,0.0,0.0,0.0,0.0,0.0
B-hidden-2,B,0,2,2,1,6,Pete,11.08,2.0,2,100,0,70.0,0,0,3.0,8.08,0.0,0.0,0.0
B-hidden-2,B,0,2,2,2,7,Kurt,3.6,2.0,2,100,0,41.0,0,0,2.2,0.0,0.0,0.0,1.4
B-hidden-2,B,0,2,2,2,7,Stella,4.1,2.0,2,100,0,23.0,0,0,0.0,0.0,0.0,0.0,4.1
B-hidden-2,B,0,2,2,2,7,Lucky,0.75,1.0,1,100,0,79,0,0,0.0,0.0,0.0,0.75,0.0
B-hidden-2,B,0,2,2,2,7,Alice,0.0,1.5,1.5,100,0,60.0,0,0,0.0,0.0,0.0,0.0,0.0
B-hidden-2,B,0,2,2,2,7,Bob,0.0,0.9,1.5,60.0,0,65.0,0,0,0.0,0.0,0.0,0.0,0.0
B-hidden-2,B,0,2,2,2,7,Pete,13.88,2.0,2,100,0,70.0,0,0,3.0,10.88,0.0,0.0,0.0
B-hidden-2,B,0,2,2,3,8,Kurt,6.1,2.0,2,100,0,16.0,0,0,2.2,0.0,0.0,0.0,3.9
B-hidden-2,B,0,2,2,3,8,Stella,2.1,2.0,2,100,0,63.0,0,0,0.0,0.0,0.0,0.0,2.1
B-hidden-2,B,0,2,2,3,8,Lucky,0.55,1.0,1,100,0,72,0,0,0.0,0.0,0.0,0.55,0.0
B-hidden-2,B,0,2,2,3,8,Alice,0.0,0,1.5,0.0,1,50.0,0,0,0.0,0.0,0.0,0.0,0.0
B-hidden-2,B,0,2,2,3,8,Bob,0.0,1.3,1.5,86.7,0,60.0,0,0,0.0,0.0,0.0,0.0,0.0
B-hidden-2,B,0,2,2,3,8,Pete,15.48,2.0,2,100,0,70.0,0,0,3.0,12.48,0.0,0.0,0.0
B-hidden-2,B,0,2,2,4,9,Kurt,4.1,2.0,2,100,0,56.0,0,0,2.2,0.0,0.0,0.0,1.9
B-hidden-2,B,0,2,2,4,9,Stella,2.3,2.0,2,100,0,58.0,0,0,0.0,0.0,0.0,0.0,2.3
B-hidden-2,B,0,2,2,4,9,Lucky,1.05,1.0,1,100,0,65,0,0,0.0,0.0,0.0,1.05,0.0
B-hidden-2,B,0,2,2,4,9,Alice,0.0,0,1.5,0.0,1,40.0,0,0,0.0,0.0,0.0,0.0,0.0
B-hidden-2,B,0,2,2,4,9,Bob,0.0,0.7,1.5,46.7,1,45.0,0,0,0.0,0.0,0.0,0.0,0.0
B-hidden-2,B,0,2,2,4,9,Pete,18.28,2.0,2,100,0,70.0,0,0,3.0,15.28,0.0,0.0,0.0
B-hidden-2,B,0,2,2,5,10,Kurt,5.5,2.0,2,100,0,51.0,0,0,2.2,0.0,0.0,0.0,3.3
B-hidden-2,B,0,2,2,5,10,Stella,3.6,2.0,2,100,0,53.0,0,0,0.0,0.0,0.0,0.0,3.6
B-hidden-2,B,0,2,2,5,10,Lucky,0.85,1.0,1,100,0,58,0,0,0.0,0.0,0.0,0.85,0.0
B-hidden-2,B,0,2,2,5,10,Alice,0.0,0,1.5,0.0,1,40,0,0,0.0,0.0,0.0,0.0,0.0
B-hidden-2,B,0,2,2,5,10,Bob,0.0,1.3,1.5,86.7,0,40.0,0,0,0.0,0.0,0.0,0.0,0.0
B-hidden-2,B,0,2,2,5,10,Pete,19.88,2.0,2,100,0,70.0,0,0,3.0,16.88,0.0,0.0,0.0
B-hidden-2,B,0,2,3,1,11,Kurt,4.74,2.0,2,100,0,56.0,1.0,1,2.2,0.0,0.0,0.0,2.54
B-hidden-2,B,0,2,3,1,11,Stella,1.48,2.0,2,100,0,53.0,0,1,0.0,0.0,0.0,0.0,1.48
B-hidden-2,B,0,2,3,1,11,Lucky,0.17,1.0,1,100,0,58,0,1,0.0,0.0,0.0,0.17,0.0
B-hidden-2,B,0,2,3,1,11,Alice,0.0,0.7,1.5,46.7,1,25,0,1,0.0,0.0,0.0,0.0,0.0
B-hidden-2,B,0,2,3,1,11,Bob,0.0,0.3,1.5,20.0,1,25.0,0,1,0.0,0.0,0.0,0.0,0.0
B-hidden-2,B,0,2,3,1,11,Pete,10.93,2.0,2,100,0,75.0,0,1,3.0,7.33,0.6,0.0,0.0
B-hidden-2,B,0,2,3,2,12,Kurt,2.71,2.0,2,100,0,56.0,1.0,1,2.2,0.0,0.0,0.0,0.51
B-hidden-2,B,0,2,3,2,12,Stella,0.58,2.0,2,100,0,53.0,0,1,0.0,0.0,0.0,0.0,0.58
B-hidden-2,B,0,2,3,2,12,Lucky,0.0,1.0,1,100,0,58,0,1,0.0,0.0,0.0,0.0,0.0
B-hidden-2,B,0,2,3,2,12,Alice,0.0,0.7,1.5,46.7,1,10,0,1,0.0,0.0,0.0,0.0,0.0
B-hidden-2,B,0,2,3,2,12,Bob,0.0,0.7,1.5,46.7,1,10.0,0,1,0.0,0.0,0.0,0.0,0.0
B-hidden-2,B,0,2,3,2,12,Pete,9.53,2.0,2,100,0,80.0,0,1,3.0,5.33,1.2,0.0,0.0
B-hidden-2,B,0,2,3,3,13,Kurt,0.19,2.0,2,100,0,56.0,1.0,1,0.19,0.0,0.0,0.0,0.0
B-hidden-2,B,0,2,3,3,13,Stella,0.0,2.0,2,100,0,53.0,0,1,0.0,0.0,0.0,0.0,0.0
B-hidden-2,B,0,2,3,3,13,Lucky,0.0,1.0,1,100,0,63,0,1,0.0,0.0,0.0,0.0,0.0
B-hidden-2,B,0,2,3,3,13,Alice,0.0,0.7,1.5,46.7,1,0,0,1,0.0,0.0,0.0,0.0,0.0
B-hidden-2,B,0,2,3,3,13,Bob,0.0,0.7,1.5,46.7,1,0,0,1,0.0,0.0,0.0,0.0,0.0
B-hidden-2,B,0,2,3,3,13,Pete,8.23,2.0,2,100,0,85.0,0,1,3.0,2.83,2.4,0.0,0.0
B-hidden-2,B,0,2,3,4,14,Kurt,1.59,2.0,2,100,0,51.0,1.0,0,0.19,0.0,0.0,0.0,1.4
B-hidden-2,B,0,2,3,4,14,Stella,0.2,2.0,2,100,0,48.0,0,0,0.0,0.0,0.0,0.0,0.2
B-hidden-2,B,0,2,3,4,14,Lucky,0.1,1.0,1,100,0,58,0,0,0.0,0.0,0.0,0.0,0.1
B-hidden-2,B,0,2,3,4,14,Alice,0.0,0,1.5,0.0,1,5,0,0,0.0,0.0,0.0,0.0,0.0
B-hidden-2,B,0,2,3,4,14,Bob,0.0,0,1.5,0.0,1,5,0,0,0.0,0.0,0.0,0.0,0.0
B-hidden-2,B,0,2,3,4,14,Pete,11.03,2.0,2,100,0,85.0,0,0,3.0,5.63,2.4,0.0,0.0
B-hidden-2,B,0,2,3,5,15,Kurt,1.99,2.0,2,100,0,46.0,0,0,0.19,0.0,0.0,0.0,1.8
B-hidden-2,B,0,2,3,5,15,Stella,0.4,2.0,2,100,0,43.0,0,0,0.0,0.0,0.0,0.0,0.4
B-hidden-2,B,0,2,3,5,15,Lucky,0.6,1.0,1,100,0,53,0,0,0.0,0.0,0.0,0.0,0.6
B-hidden-2,B,0,2,3,5,15,Alice,0.0,0,1.5,0.0,1,10,0,0,0.0,0.0,0.0,0.0,0.0
B-hidden-2,B,0,2,3,5,15,Bob,0.0,0,1.5,0.0,1,10,0,0,0.0,0.0,0.0,0.0,0.0
B-hidden-2,B,0,2,3,5,15,Pete,13.63,2.0,2,100,0,85.0,0,0,3.0,7.23,2.4,0.0,1.0
B-hidden-2,B,0,2,4,1,16,Kurt,4.03,2.0,2,100,0,46.0,0,0,0.19,2.4,0.0,0.0,1.44
B-hidden-2,B,0,2,4,1,16,Stella,1.62,2.0,2,100,0,38.0,0,0,0.0,0.0,0.0,0.0,1.62
B-hidden-2,B,0,2,4,1,16,Lucky,0.28,1.0,1,100,0,28,0,0,0.0,0.0,0.0,0.0,0.28
B-hidden-2,B,0,2,4,1,16,Alice,0.0,0,1.5,0.0,1,15,0,0,0.0,0.0,0.0,0.0,0.0
B-hidden-2,B,0,2,4,1,16,Bob,0.0,0,1.5,0.0,1,15,0,0,0.0,0.0,0.0,0.0,0.0
B-hidden-2,B,0,2,4,1,16,Pete,12.12,2.0,2,100,0,85.0,0,0,3.0,6.64,1.68,0.0,0.8
B-hidden-2,B,0,2,4,2,17,Kurt,4.21,2.0,2,100,0,46.0,0,0,0.19,0.0,0.0,0.0,4.02
B-hidden-2,B,0,2,4,2,17,Stella,2.92,2.0,2,100,0,33.0,0,0,0.0,0.0,0.0,0.0,2.92
B-hidden-2,B,0,2,4,2,17,Lucky,0.0,1.0,1,100,0,48,0,0,0.0,0.0,0.0,0.0,0.0
B-hidden-2,B,0,2,4,2,17,Alice,0.55,0.75,1.5,50.0,0,15,0,0,0.0,0.0,0.55,0.0,0.0
B-hidden-2,B,0,2,4,2,17,Bob,0.0,1.5,1.5,100,0,40,0,0,0.0,0.0,0.0,0.0,0.0
B-hidden-2,B,0,2,4,2,17,Pete,12.72,2.0,2,100,0,85.0,0,0,3.0,7.24,1.68,0.0,0.8
B-hidden-2,B,0,2,4,3,18,Kurt,2.91,2.0,2,100,0,41.0,0,0,0.19,0.0,0.0,0.0,2.72
B-hidden-2,B,0,2,4,3,18,Stella,3.12,2.0,2,100,0,8.0,0,0,0.0,0.0,0.0,0.0,3.12
B-hidden-2,B,0,2,4,3,18,Lucky,0.0,1.0,1,100,0,68,0,0,0.0,0.0,0.0,0.0,0.0
B-hidden-2,B,0,2,4,3,18,Alice,0.0,0.75,1.5,50.0,0,15,0,0,0.0,0.0,0.0,0.0,0.0
B-hidden-2,B,0,2,4,3,18,Bob,0.0,1.5,1.5,100,0,60,0,0,0.0,0.0,0.0,0.0,0.0
B-hidden-2,B,0,2,4,3,18,Pete,13.82,2.0,2,100,0,85.0,0,0,3.0,8.34,1.68,0.0,0.8
B-hidden-2,B,0,2,4,4,19,Kurt,4.41,2.0,2,100,0,36.0,0,0,0.19,0.0,0.0,0.0,4.22
B-hidden-2,B,0,2,4,4,19,Stella,1.12,2.0,2,100,0,28.0,0,0,0.0,0.0,0.0,0.0,1.12
B-hidden-2,B,0,2,4,4,19,Lucky,0.0,1.0,1,100,0,88,0,0,0.0,0.0,0.0,0.0,0.0
B-hidden-2,B,0,2,4,4,19,Alice,0.0,0.5,1.5,33.3,1,25,0,0,0.0,0.0,0.0,0.0,0.0
B-hidden-2,B,0,2,4,4,19,Bob,0.0,0,1.5,0.0,1,60,0,0,0.0,0.0,0.0,0.0,0.0
B-hidden-2,B,0,2,4,4,19,Pete,14.92,2.0,2,100,0,85.0,0,0,3.0,9.44,1.68,0.0,0.8
B-hidden-2,B,0,2,4,5,20,Kurt,3.93,2.0,2,100,0,11.0,0,0,0.19,0.0,0.0,0.0,3.74
B-hidden-2,B,0,2,4,5,20,Stella,0.0,2.0,2,100,0,48.0,0,0,0.0,0.0,0.0,0.0,0.0
B-hidden-2,B,0,2,4,5,20,Lucky,0.0,1.0,1,100,0,100,0,0,0.0,0.0,0.0,0.0,0.0
B-hidden-2,B,0,2,4,5,20,Alice,0.0,0.5,1.5,33.3,1,35,0,0,0.0,0.0,0.0,0.0,0.0
B-hidden-2,B,0,2,4,5,20,Bob,0.0,0,1.5,0.0,1,50,0,0,0.0,0.0,0.0,0.0,0.0
B-hidden-2,B,0,2,4,5,20,Pete,17.22,2.0,2,100,0,85.0,0,0,3.0,11.74,1.68,0.0,0.8
A-shown-1,A,1,1,1,1,1,Kurt,5.5,2.0,2,100,0,63.0,0,0,3.0,0.0,0.0,2.5,0.0
A-shown-1,A,1,1,1,1,1,Stella,5.4,2.0,2,100,0,45.0,0,0,3.0,0.0,0.0,0.0,2.4
A-shown-1,A,1,1,1,1,1,Lucky,3.1,1.0,1,100,0,63.0,0,0,3.0,0.0,0.0,0.1,0.0
A-shown-1,A,1,1,1,1,1,Alice,3.5,1.5,1.5,100,0,65.0,0,0,3.0,0.0,0.0,0.0,0.5
A-shown-1,A,1,1,1,1,1,Bob,1.5,1.5,1.5,100,0,90.0,0,0,1.5,0.0,0.0,0.0,0.0
A-shown-1,A,1,1,1,1,1,Pete,4.6,2.0,2,100,0,70.0,0,0,3.0,1.6,0.0,0.0,0.0
A-shown-1,A,1,1,1,2,2,Kurt,5.7,2.0,2,100,0,56.0,0,0,3.0,0.0,0.0,2.7,0.0
A-shown-1,A,1,1,1,2,2,Stella,3.4,2.0,2,100,0,40.0,0,0,3.0,0.0,0.0,0.0,0.4
A-shown-1,A,1,1,1,2,2,Lucky,3.2,1.0,1,100,0,56.0,0,0,3.0,0.0,0.0,0.2,0.0
A-shown-1,A,1,1,1,2,2,Alice,3.3,1.5,1.5,100,0,60.0,0,0,3.0,0.0,0.0,0.0,0.3
A-shown-1,A,1,1,1,2,2,Bob,0.0,1.5,1.5,100,0,100,0,0,0.0,0.0,0.0,0.0,0.0
A-shown-1,A,1,1,1,2,2,Pete,6.2,2.0,2,100,0,70.0,0,0,3.0,3.2,0.0,0.0,0.0
A-shown-1,A,1,1,1,3,3,Kurt,8.2,2.0,2,100,0,31.0,0,0,3.0,0.0,0.0,2.7,2.5
A-shown-1,A,1,1,1,3,3,Stella,3.6,2.0,2,100,0,15.0,0,0,3.0,0.0,0.0,0.0,0.6
A-shown-1,A,1,1,1,3,3,Lucky,2.2,1.0,1,100,0,76.0,0,0,2.2,0.0,0.0,0.0,0.0
A-shown-1,A,1,1,1,3,3,Alice,1.6,1.5,1.5,100,0,35.0,0,0,1.6,0.0,0.0,0.0,0.0
A-shown-1,A,1,1,1,3,3,Bob,0.0,1.5,1.5,100,0,100,0,0,0.0,0.0,0.0,0.0,0.0
A-shown-1,A,1,1,1,3,3,Pete,9.0,2.0,2,100,0,70.0,0,0,3.0,6.0,0.0,0.0,0.0
A-shown-1,A,1,1,1,4,4,Kurt,10.7,2.0,2,100,0,26.0,0,0,3.0,0.0,0.0,2.7,5.0
A-shown-1,A,1,1,1,4,4,Stella,1.6,2.0,2,100,0,35.0,0,0,1.6,0.0,0.0,0.0,0.0
A-shown-1,A,1,1,1,4,4,Lucky,2.7,1.0,1,100,0,69.0,0,0,2.2,0.0,0.0,0.5,0.0
A-shown-1,A,1,1,1,4,4,Alice,0.0,1.5,1.5,100,0,55.0,0,0,0.0,0.0,0.0,0.0,0.0
A-shown-1,A,1,1,1,4,4,Bob,0.0,0.1,1.5,6.7,1,60,0,0,0.0,0.0,0.0,0.0,0.0
A-shown-1,A,1,1,1,4,4,Pete,10.6,2.0,2,100,0,70.0,0,0,3.0,7.6,0.0,0.0,0.0
A-shown-1,A,1,1,1,5,5,Kurt,8.7,2.0,2,100,0,46.0,0,0,3.0,0.0,0.0,2.7,3.0
A-shown-1,A,1,1,1,5,5,Stella,4.0,2.0,2,100,0,30.0,0,0,1.6,0.0,0.0,0.0,2.4
A-shown-1,A,1,1,1,5,5,Lucky,2.8,1.0,1,100,0,62.0,0,0,2.2,0.0,0.0,0.6,0.0
A-shown-1,A,1,1,1,5,5,Alice,0.0,0,1.5,0.0,1,60.0,0,0,0.0,0.0,0.0,0.0,0.0
A-shown-1,A,1,1,1,5,5,Bob,0.0,0,1.5,0.0,1,50,0,0,0.0,0.0,0.0,0.0,0.0
A-shown-1,A,1,1,1,5,5,Pete,13.4,2.0,2,100,0,70.0,0,0,3.0,10.4,0.0,0.0,0.0
A-shown-1,A,1,1,2,1,6,Kurt,9.23,2.0,2,100,0,21.0,0,0,3.0,0.0,0.0,2.43,3.8
A-shown-1,A,1,1,2,1,6,Stella,5.92,2.0,2,100,0,25.0,0,0,1.6,0.0,0.0,0.0,4.32
A-shown-1,A,1,1,2,1,6,Lucky,3.74,1.0,1,100,0,62.0,0,0,2.2,1.0,0.0,0.54,0.0
A-shown-1,A,1,1,2,1,6,Alice,0.0,1.5,1.5,100,0,35.0,0,0,0.0,0.0,0.0,0.0,0.0
A-shown-1,A,1,1,2,1,6,Bob,0.0,1.1,1.5,73.3,0,65,0,0,0.0,0.0,0.0,0.0,0.0
A-shown-1,A,1,1,2,1,6,Pete,11.84,2.0,2,100,0,70.0,0,0,3.0,8.84,0.0,0.0,0.0
A-shown-1,A,1,1,2,2,7,Kurt,7.23,2.0,2,100,0,41.0,0,0,3.0,0.0,0.0,2.43,1.8
A-shown-1,A,1,1,2,2,7,Stella,3.92,2.0,2,100,0,45.0,0,0,1.6,0.0,0.0,0.0,2.32
A-shown-1,A,1,1,2,2,7,Lucky,3.84,1.0,1,100,0,60.0,0,0,2.2,0.0,0.0,1.64,0.0
A-shown-1,A,1,1,2,2,7,Alice,0.0,1.5,1.5,100,0,30.0,0,0,0.0,0.0,0.0,0.0,0.0
A-shown-1,A,1,1,2,2,7,Bob,0.0,1.1,1.5,73.3,0,80,0,0,0.0,0.0,0.0,0.0,0.0
A-shown-1,A,1,1,2,2,7,Pete,14.64,2.0,2,100,0,70.0,0,0,3.0,11.64,0.0,0.0,0.0
A-shown-1,A,1,1,2,3,8,Kurt,9.73,2.0,2,100,0,36.0,0,0,3.0,0.0,0.0,2.43,4.3
A-shown-1,A,1,1,2,3,8,Stella,6.32,2.0,2,100,0,40.0,0,0,1.6,0.0,0.0,0.0,4.72
A-shown-1,A,1,1,2,3,8,Lucky,3.94,1.0,1,100,0,53.0,0,0,2.2,0.0,0.0,1.74,0.0
A-shown-1,A,1,1,2,3,8,Alice,0.0,1.5,1.5,100,0,25.0,0,0,0.0,0.0,0.0,0.0,0.0
A-shown-1,A,1,1,2,3,8,Bob,0.0,1.1,1.5,73.3,0,95,0,0,0.0,0.0,0.0,0.0,0.0
A-shown-1,A,1,1,2,3,8,Pete,16.24,2.0,2,100,0,70.0,0,0,3.0,13.24,0.0,0.0,0.0
A-shown-1,A,1,1,2,4,9,Kurt,11.13,2.0,2,100,0,11.0,0,0,3.0,0.0,0.0,2.43,5.7
A-shown-1,A,1,1,2,4,9,Stella,8.72,2.0,2,100,0,15.0,0,0,1.6,0.0,0.0,0.0,7.12
A-shown-1,A,1,1,2,4,9,Lucky,2.94,1.0,1,100,0,48.0,0,0,2.2,0.0,0.0,0.74,0.0
A-shown-1,A,1,1,2,4,9,Alice,0.0,1.1,1.5,73.3,0,40.0,0,0,0.0,0.0,0.0,0.0,0.0
A-shown-1,A,1,1,2,4,9,Bob,0.0,1.5,1.5,100,0,90,0,0,0.0,0.0,0.0,0.0,0.0
A-shown-1,A,1,1,2,4,9,Pete,17.84,2.0,2,100,0,70.0,0,0,3.0,14.84,0.0,0.0,0.0
A-shown-1,A,1,1,2,5,10,Kurt,9.13,2.0,2,100,0,31.0,0,0,3.0,0.0,0.0,2.43,3.7
A-shown-1,A,1,1,2,5,10,Stella,6.72,2.0,2,100,0,35.0,0,0,1.6,0.0,0.0,0.0,5.12
A-shown-1,A,1,1,2,5,10,Lucky,3.44,1.0,1,100,0,43.0,0,0,2.2,0.0,0.0,0.74,0.5
A-shown-1,A,1,1,2,5,10,Alice,1.1,1.5,1.5,100,0,35.0,0,0,0.0,0.0,0.0,0.0,1.1
A-shown-1,A,1,1,2,5,10,Bob,1.1,1.5,1.5,100,0,65,0,0,0.0,0.0,0.0,0.0,1.1
A-shown-1,A,1,1,2,5,10,Pete,20.64,2.0,2,100,0,70.0,0,0,3.0,17.64,0.0,0.0,0.0
A-shown-1,A,1,1,3,1,11,Kurt,7.25,2.0,2,100,0,31.0,0,1,3.0,0.0,0.0,2.19,2.06
A-shown-1,A,1,1,3,1,11,Stella,4.3,2.0,2,100,0,35.0,0,1,1.6,0.0,0.0,0.0,2.7
A-shown-1,A,1,1,3,1,11,Lucky,2.47,1.0,1,100,0,43.0,0,1,2.2,0.0,0.0,0.27,0.0
A-shown-1,A,1,1,3,1,11,Alice,0.0,1.18,1.5,78.7,0,30.0,0,1,0.0,0.0,0.0,0.0,0.0
A-shown-1,A,1,1,3,1,11,Bob,0.0,1.18,1.5,78.7,0,60,0,1,0.0,0.0,0.0,0.0,0.0
A-shown-1,A,1,1,3,1,11,Pete,12.18,2.0,2,100,0,75.0,0,1,3.0,8.58,0.6,0.0,0.0
A-shown-1,A,1,1,3,2,12,Kurt,6.35,2.0,2,100,0,31.0,0,1,3.0,0.0,0.0,2.19,1.16
A-shown-1,A,1,1,3,2,12,Stella,2.4,2.0,2,100,0,35.0,0,1,1.6,0.0,0.0,0.0,0.8
A-shown-1,A,1,1,3,2,12,Lucky,1.87,1.0,1,100,0,43.0,0,1,1.87,0.0,0.0,0.0,0.0
A-shown-1,A,1,1,3,2,12,Alice,0.0,0.8,1.5,53.3,0,25.0,0,1,0.0,0.0,0.0,0.0,0.0
A-shown-1,A,1,1,3,2,12,Bob,0.0,0.3,1.5,20.0,1,45,0,1,0.0,0.0,0.0,0.0,0.0
A-shown-1,A,1,1,3,2,12,Pete,10.78,2.0,2,100,0,80.0,0,1,3.0,6.58,1.2,0.0,0.0
A-shown-1,A,1,1,3,3,13,Kurt,5.45,2.0,2,100,0,31.0,0,1,3.0,0.0,0.0,2.19,0.26
A-shown-1,A,1,1,3,3,13,Stella,0.7,2.0,2,100,0,35.0,0,1,0.7,0.0,0.0,0.0,0.0
A-shown-1,A,1,1,3,3,13,Lucky,1.07,1.0,1,100,0,43.0,0,1,1.07,0.0,0.0,0.0,0.0
A-shown-1,A,1,1,3,3,13,Alice,0.0,0.6,1.5,40.0,1,10.0,0,1,0.0,0.0,0.0,0.0,0.0
A-shown-1,A,1,1,3,3,13,Bob,0.0,0.3,1.5,20.0,1,30,0,1,0.0,0.0,0.0,0.0,0.0
A-shown-1,A,1,1,3,3,13,Pete,9.98,2.0,2,100,0,85.0,0,1,3.0,4.58,2.4,0.0,0.0
A-shown-1,A,1,1,3,4,14,Kurt,4.55,2.0,2,100,0,51.0,0,0,3.0,0.0,0.0,1.55,0.0
A-shown-1,A,1,1,3,4,14,Stella,2.9,2.0,2,100,0,30.0,0,0,0.5,0.0,0.0,0.0,2.4
A-shown-1,A,1,1,3,4,14,Lucky,0.07,1.0,1,100,0,38.0,0,0,0.07,0.0,0.0,0.0,0.0
A-shown-1,A,1,1,3,4,14,Alice,0.0,0.2,1.5,13.3,1,0,0,0,0.0,0.0,0.0,0.0,0.0
A-shown-1,A,1,1,3,4,14,Bob,0.0,1.3,1.5,86.7,0,20,0,0,0.0,0.0,0.0,0.0,0.0
A-shown-1,A,1,1,3,4,14,Pete,12.78,2.0,2,100,0,85.0,0,0,3.0,7.38,2.4,0.0,0.0
A-shown-1,A,1,1,3,5,15,Kurt,3.65,2.0,2,100,0,51.0,0,0,3.0,0.0,0.0,0.65,0.0
A-shown-1,A,1,1,3,5,15,Stella,3.57,2.0,2,100,0,25.0,0,0,0.5,0.0,0.0,0.0,3.07
A-shown-1,A,1,1,3,5,15,Lucky,0.0,1.0,1,100,0,33.0,0,0,0.0,0.0,0.0,0.0,0.0
A-shown-1,A,1,1,3,5,15,Alice,0.0,0.5,1.5,33.3,1,5,0,0,0.0,0.0,0.0,0.0,0.0
A-shown-1,A,1,1,3,5,15,Bob,0.0,0,1.5,0.0,1,25,0,0,0.0,0.0,0.0,0.0,0.0
A-shown-1,A,1,1,3,5,15,Pete,14.38,2.0,2,100,0,85.0,0,0,3.0,8.98,2.4,0.0,0.0
A-shown-1,A,1,1,4,1,16,Kurt,2.79,2.0,2,100,0,51.0,0,0,2.79,0.0,0.0,0.0,0.0
A-shown-1,A,1,1,4,1,16,Stella,1.26,2.0,2,100,0,25.0,0,0,0.5,0.0,0.0,0.0,0.76
A-shown-1,A,1,1,4,1,16,Lucky,0.0,1.0,1,100,0,53.0,0,0,0.0,0.0,0.0,0.0,0.0
A-shown-1,A,1,1,4,1,16,Alice,0.0,0.75,1.5,50.0,0,25,1.5,0,0.0,0.0,0.0,0.0,0.0
A-shown-1,A,1,1,4,1,16,Bob,0.0,1.25,1.5,83.3,0,40,0,0,0.0,0.0,0.0,0.0,0.0
A-shown-1,A,1,1,4,1,16,Pete,11.67,2.0,2,100,0,85.0,0,0,3.0,6.99,1.68,0.0,0.0
A-shown-1,A,1,1,4,2,17,Kurt,1.69,2.0,2,100,0,51.0,0,0,1.69,0.0,0.0,0.0,0.0
A-shown-1,A,1,1,4,2,17,Stella,0.96,2.0,2,100,0,25.0,0,0,0.5,0.0,0.2,0.0,0.26
A-shown-1,A,1,1,4,2,17,Lucky,0.0,1.0,1,100,0,53.0,0,0,0.0,0.0,0.0,0.0,0.0
A-shown-1,A,1,1,4,2,17,Alice,0.0,0.5,1.5,33.3,1,30,1.5,0,0.0,0.0,0.0,0.0,0.0
A-shown-1,A,1,1,4,2,17,Bob,0.0,0,1.5,0.0,1,45,0,0,0.0,0.0,0.0,0.0,0.0
A-shown-1,A,1,1,4,2,17,Pete,13.27,2.0,2,100,0,85.0,0,0,3.0,8.59,1.68,0.0,0.0
A-shown-1,A,1,1,4,3,18,Kurt,1.69,2.0,2,100,0,51.0,0,0,1.69,0.0,0.0,0.0,0.0
A-shown-1,A,1,1,4,3,18,Stella,0.86,2.0,2,100,0,25.0,0,0,0.5,0.0,0.2,0.0,0.16
A-shown-1,A,1,1,4,3,18,Lucky,0.0,1.0,1,100,0,53.0,0,0,0.0,0.0,0.0,0.0,0.0
A-shown-1,A,1,1,4,3,18,Alice,0.0,0.75,1.5,50.0,0,20,0.85,0,0.0,0.0,0.0,0.0,0.0
A-shown-1,A,1,1,4,3,18,Bob,0.0,1.5,1.5,100,0,65,0,0,0.0,0.0,0.0,0.0,0.0
A-shown-1,A,1,1,4,3,18,Pete,16.72,2.0,2,100,0,85.0,0,0,3.0,11.39,1.68,0.0,0.65
A-shown-1,A,1,1,4,4,19,Kurt,0.0,2.0,2,100,0,51.0,0,0,0.0,0.0,0.0,0.0,0.0
A-shown-1,A,1,1,4,4,19,Stella,0.0,1.55,2,77.5,0,20.0,0,0,0.0,0.0,0.0,0.0,0.0
A-shown-1,A,1,1,4,4,19,Lucky,0.0,0.8,1,80.0,0,48.0,0,0,0.0,0.0,0.0,0.0,0.0
A-shown-1,A,1,1,4,4,19,Alice,0.0,0.5,1.5,33.3,1,5,0.85,0,0.0,0.0,0.0,0.0,0.0
A-shown-1,A,1,1,4,4,19,Bob,0.0,0,1.5,0.0,1,60,0,0,0.0,0.0,0.0,0.0,0.0
A-shown-1,A,1,1,4,4,19,Pete,18.32,2.0,2,100,0,85.0,0,0,3.0,12.99,1.68,0.0,0.65
A-shown-1,A,1,1,4,5,20,Kurt,0.8,2.0,2,100,0,46.0,0,0,0.0,0.0,0.0,0.0,0.8
A-shown-1,A,1,1,4,5,20,Stella,0.2,2.0,2,100,0,20.0,0,0,0.0,0.0,0.2,0.0,0.0
A-shown-1,A,1,1,4,5,20,Lucky,0.0,1.0,1,100,0,43.0,0,0,0.0,0.0,0.0,0.0,0.0
A-shown-1,A,1,1,4,5,20,Alice,0.0,0,1.5,0.0,1,10,0.85,0,0.0,0.0,0.0,0.0,0.0
A-shown-1,A,1,1,4,5,20,Bob,0.0,0,1.5,0.0,1,50,0,0,0.0,0.0,0.0,0.0,0.0
A-shown-1,A,1,1,4,5,20,Pete,19.92,2.0,2,100,0,85.0,0,0,3.0,14.59,1.68,0.0,0.65
B-shown-1,B,1,1,1,1,1,Kurt,4.4,2.0,2,100,0,63.0,0,0,3.0,0.0,0.0,1.4,0.0
B-shown-1,B,1,1,1,1,1,Stella,3.2,2.0,2,100,0,63.0,0,0,3.0,0.0,0.0,0.2,0.0
B-shown-1,B,1,1,1,1,1,Lucky,3.5,1.0,1,100,0,63.0,0,0,3.0,0.0,0.0,0.5,0.0
B-shown-1,B,1,1,1,1,1,Alice,4.1,1.5,1.5,100,0,65.0,0,0,3.0,0.0,0.0,0.0,1.1
B-shown-1,B,1,1,1,1,1,Bob,2.8,1.5,1.5,100,0,70.0,0,0,2.8,0.0,0.0,0.0,0.0
B-shown-1,B,1,1,1,1,1,Pete,4.6,2.0,2,100,0,70.0,0,0,3.0,1.6,0.0,0.0,0.0
B-shown-1,B,1,1,1,2,2,Kurt,4.3,2.0,2,100,0,63.0,0,0,3.0,0.0,0.0,1.3,0.0
B-shown-1,B,1,1,1,2,2,Stella,3.4,2.0,2,100,0,56.0,0,0,3.0,0.0,0.0,0.4,0.0
B-shown-1,B,1,1,1,2,2,Lucky,3.6,1.0,1,100,0,56.0,0,0,3.0,0.0,0.0,0.6,0.0
B-shown-1,B,1,1,1,2,2,Alice,3.9,1.5,1.5,100,0,60.0,0,0,3.0,0.0,0.0,0.0,0.9
B-shown-1,B,1,1,1,2,2,Bob,2.0,1.5,1.5,100,0,70.0,0,0,2.0,0.0,0.0,0.0,0.0
B-shown-1,B,1,1,1,2,2,Pete,6.1,2.0,2,100,0,70.0,0,0,3.0,3.1,0.0,0.0,0.0
B-shown-1,B,1,1,1,3,3,Kurt,6.8,2.0,2,100,0,56.0,0,0,3.0,0.0,0.0,3.8,0.0
B-shown-1,B,1,1,1,3,3,Stella,5.8,2.0,2,100,0,31.0,0,0,3.0,0.0,0.0,0.4,2.4
B-shown-1,B,1,1,1,3,3,Lucky,3.4,1.0,1,100,0,51.0,0,0,3.0,0.0,0.0,0.4,0.0
B-shown-1,B,1,1,1,3,3,Alice,3.7,1.5,1.5,100,0,55.0,0,0,3.0,0.0,0.0,0.0,0.7
B-shown-1,B,1,1,1,3,3,Bob,1.8,1.5,1.5,100,0,70.0,0,0,1.8,0.0,0.0,0.0,0.0
B-shown-1,B,1,1,1,3,3,Pete,7.7,2.0,2,100,0,70.0,0,0,3.0,4.7,0.0,0.0,0.0
B-shown-1,B,1,1,1,4,4,Kurt,9.3,2.0,2,100,0,51.0,0,0,3.0,0.0,0.0,3.8,2.5
B-shown-1,B,1,1,1,4,4,Stella,6.0,2.0,2,100,0,26.0,0,0,3.0,0.0,0.0,0.4,2.6
B-shown-1,B,1,1,1,4,4,Lucky,3.5,1.0,1,100,0,26.0,0,0,3.0,0.0,0.0,0.4,0.1
B-shown-1,B,1,1,1,4,4,Alice,4.2,1.5,1.5,100,0,50.0,0,0,3.0,0.0,0.0,0.0,1.2
B-shown-1,B,1,1,1,4,4,Bob,1.6,1.5,1.5,100,0,70.0,0,0,1.6,0.0,0.0,0.0,0.0
B-shown-1,B,1,1,1,4,4,Pete,10.5,2.0,2,100,0,70.0,0,0,3.0,7.5,0.0,0.0,0.0
B-shown-1,B,1,1,1,5,5,Kurt,10.7,2.0,2,100,0,46.0,0,0,3.0,0.0,0.0,3.8,3.9
B-shown-1,B,1,1,1,5,5,Stella,4.0,2.0,2,100,0,46.0,0,0,3.0,0.0,0.0,0.4,0.6
B-shown-1,B,1,1,1,5,5,Lucky,2.5,1.0,1,100,0,46.0,0,0,2.5,0.0,0.0,0.0,0.0
B-shown-1,B,1,1,1,5,5,Alice,4.7,1.5,1.5,100,0,45.0,0,0,3.0,0.0,0.0,0.0,1.7
B-shown-1,B,1,1,1,5,5,Bob,0.8,1.5,1.5,100,0,70.0,0,0,0.8,0.0,0.0,0.0,0.0
B-shown-1,B,1,1,1,5,5,Pete,12.1,2.0,2,100,0,70.0,0,0,3.0,9.1,0.0,0.0,0.0
B-shown-1,B,1,1,2,1,6,Kurt,10.94,2.0,2,100,0,21.0,0,0,3.0,0.0,0.0,3.42,4.52
B-shown-1,B,1,1,2,1,6,Stella,6.24,2.0,2,100,0,61.0,0,0,3.0,0.0,0.0,0.36,2.88
B-shown-1,B,1,1,2,1,6,Lucky,3.5,1.0,1,100,0,46.0,0,0,2.5,1.0,0.0,0.0,0.0
B-shown-1,B,1,1,2,1,6,Alice,2.86,1.5,1.5,100,0,50.0,0,0,2.86,0.0,0.0,0.0,0.0
B-shown-1,B,1,1,2,1,6,Bob,0.6,1.5,1.5,100,0,70.0,0,0,0.6,0.0,0.0,0.0,0.0
B-shown-1,B,1,1,2,1,6,Pete,9.86,2.0,2,100,0,70.0,0,0,3.0,6.86,0.0,0.0,0.0
B-shown-1,B,1,1,2,2,7,Kurt,8.94,2.0,2,100,0,41.0,0,0,3.0,0.0,0.0,3.42,2.52
B-shown-1,B,1,1,2,2,7,Stella,6.44,2.0,2,100,0,36.0,0,0,3.0,0.0,0.0,0.36,3.08
B-shown-1,B,1,1,2,2,7,Lucky,3.3,1.0,1,100,0,46.0,0,0,2.5,0.0,0.0,0.0,0.8
B-shown-1,B,1,1,2,2,7,Alice,3.36,1.5,1.5,100,0,45.0,0,0,2.86,0.0,0.0,0.0,0.5
B-shown-1,B,1,1,2,2,7,Bob,0.4,1.5,1.5,100,0,70.0,0,0,0.4,0.0,0.0,0.0,0.0
B-shown-1,B,1,1,2,2,7,Pete,11.46,2.0,2,100,0,70.0,0,0,3.0,8.46,0.0,0.0,0.0
B-shown-1,B,1,1,2,3,8,Kurt,9.14,2.0,2,100,0,36.0,0,0,3.0,0.0,0.0,3.42,2.72
B-shown-1,B,1,1,2,3,8,Stella,6.64,2.0,2,100,0,11.0,0,0,3.0,0.0,0.0,0.36,3.28
B-shown-1,B,1,1,2,3,8,Lucky,3.4,1.0,1,100,0,21.0,0,0,2.5,0.0,0.0,0.0,0.9
B-shown-1,B,1,1,2,3,8,Alice,3.16,1.5,1.5,100,0,40.0,0,0,2.86,0.0,0.0,0.0,0.3
B-shown-1,B,1,1,2,3,8,Bob,0.2,1.5,1.5,100,0,70.0,0,0,0.2,0.0,0.0,0.0,0.0
B-shown-1,B,1,1,2,3,8,Pete,14.26,2.0,2,100,0,70.0,0,0,3.0,11.26,0.0,0.0,0.0
B-shown-1,B,1,1,2,4,9,Kurt,10.54,2.0,2,100,0,31.0,0,0,3.0,0.0,0.0,3.42,4.12
B-shown-1,B,1,1,2,4,9,Stella,5.74,2.0,2,100,0,11.0,0,0,3.0,0.0,0.0,0.36,2.38
B-shown-1,B,1,1,2,4,9,Lucky,2.4,1.0,1,100,0,41.0,0,0,2.4,0.0,0.0,0.0,0.0
B-shown-1,B,1,1,2,4,9,Alice,3.66,1.5,1.5,100,0,15.0,0,0,2.86,0.0,0.0,0.0,0.8
B-shown-1,B,1,1,2,4,9,Bob,0.0,1.5,1.5,100,0,70.0,0,0,0.0,0.0,0.0,0.0,0.0
B-shown-1,B,1,1,2,4,9,Pete,15.86,2.0,2,100,0,70.0,0,0,3.0,12.86,0.0,0.0,0.0
B-shown-1,B,1,1,2,5,10,Kurt,11.94,2.0,2,100,0,26.0,0,0,3.0,0.0,0.0,3.42,5.52
B-shown-1,B,1,1,2,5,10,Stella,3.74,2.0,2,100,0,31.0,0,0,3.0,0.0,0.0,0.36,0.38
B-shown-1,B,1,1,2,5,10,Lucky,2.5,1.0,1,100,0,16.0,0,0,2.4,0.0,0.0,0.0,0.1
B-shown-1,B,1,1,2,5,10,Alice,1.36,1.5,1.5,100,0,35.0,0,0,1.36,0.0,0.0,0.0,0.0
B-shown-1,B,1,1,2,5,10,Bob,0.0,1.5,1.5,100,0,70.0,0,0,0.0,0.0,0.0,0.0,0.0
B-shown-1,B,1,1,2,5,10,Pete,18.66,2.0,2,100,0,70.0,0,0,3.0,15.66,0.0,0.0,0.0
B-shown-1,B,1,1,3,1,11,Kurt,8.8,2.0,2,100,0,26.0,0,1,3.0,0.0,0.0,3.08,2.72
B-shown-1,B,1,1,3,1,11,Stella,2.72,2.0,2,100,0,31.0,0,1,2.72,0.0,0.0,0.0,0.0
B-shown-1,B,1,1,3,1,11,Lucky,1.68,1.0,1,100,0,16.0,0,1,1.68,0.0,0.0,0.0,0.0
B-shown-1,B,1,1,3,1,11,Alice,0.51,1.5,1.5,100,0,35.0,0,1,0.51,0.0,0.0,0.0,0.0
B-shown-1,B,1,1,3,1,11,Bob,0.0,0.75,1.5,50.0,0,65.0,0,1,0.0,0.0,0.0,0.0,0.0
B-shown-1,B,1,1,3,1,11,Pete,11.0,2.0,2,100,0,75.0,0,1,3.0,7.4,0.6,0.0,0.0
B-shown-1,B,1,1,3,2,12,Kurt,7.4,2.0,2,100,0,26.0,0,1,3.0,0.0,0.0,3.08,1.32
B-shown-1,B,1,1,3,2,12,Stella,1.82,2.0,2,100,0,31.0,0,1,1.82,0.0,0.0,0.0,0.0
B-shown-1,B,1,1,3,2,12,Lucky,0.88,1.0,1,100,0,16.0,0,1,0.88,0.0,0.0,0.0,0.0
B-shown-1,B,1,1,3,2,12,Alice,0.0,0.81,1.5,54.0,0,30.0,0,1,0.0,0.0,0.0,0.0,0.0
B-shown-1,B,1,1,3,2,12,Bob,0.0,0.3,1.5,20.0,1,50.0,0,1,0.0,0.0,0.0,0.0,0.0
B-shown-1,B,1,1,3,2,12,Pete,9.6,2.0,2,100,0,80.0,0,1,3.0,5.4,1.2,0.0,0.0
B-shown-1,B,1,1,3,3,13,Kurt,6.0,2.0,2,100,0,26.0,0,1,3.0,0.0,0.0,3.0,0.0
B-shown-1,B,1,1,3,3,13,Stella,0.92,2.0,2,100,0,31.0,0,1,0.92,0.0,0.0,0.0,0.0
B-shown-1,B,1,1,3,3,13,Lucky,0.28,1.0,1,100,0,16.0,0,1,0.28,0.0,0.0,0.0,0.0
B-shown-1,B,1,1,3,3,13,Alice,0.0,0.7,1.5,46.7,1,15.0,0,1,0.0,0.0,0.0,0.0,0.0
B-shown-1,B,1,1,3,3,13,Bob,0.0,0.7,1.5,46.7,1,35.0,0,1,0.0,0.0,0.0,0.0,0.0
B-shown-1,B,1,1,3,3,13,Pete,8.2,2.0,2,100,0,85.0,0,1,3.0,3.4,1.8,0.0,0.0
B-shown-1,B,1,1,3,4,14,Kurt,3.68,2.0,2,100,0,46.0,0,0,3.0,0.0,0.0,0.68,0.0
B-shown-1,B,1,1,3,4,14,Stella,1.12,2.0,2,100,0,6.0,0,0,0.92,0.0,0.0,0.0,0.2
B-shown-1,B,1,1,3,4,14,Lucky,0.0,1.0,1,100,0,16.0,0,0,0.0,0.0,0.0,0.0,0.0
B-shown-1,B,1,1,3,4,14,Alice,0.0,0.55,1.5,36.7,1,20.0,0,0,0.0,0.0,0.0,0.0,0.0
B-shown-1,B,1,1,3,4,14,Bob,0.0,0.75,1.5,50.0,0,30.0,0,0,0.0,0.0,0.0,0.0,0.0
B-shown-1,B,1,1,3,4,14,Pete,9.8,2.0,2,100,0,85.0,0,0,3.0,5.0,1.8,0.0,0.0
B-shown-1,B,1,1,3,5,15,Kurt,3.6,2.0,2,100,0,41.0,0,0,3.0,0.0,0.0,0.6,0.0
B-shown-1,B,1,1,3,5,15,Stella,0.0,2.0,2,100,0,26.0,0,0,0.0,0.0,0.0,0.0,0.0
B-shown-1,B,1,1,3,5,15,Lucky,0.0,1.0,1,100,0,16.0,0,0,0.0,0.0,0.0,0.0,0.0
B-shown-1,B,1,1,3,5,15,Alice,0.0,0,1.5,0.0,1,25.0,0,0,0.0,0.0,0.0,0.0,0.0
B-shown-1,B,1,1,3,5,15,Bob,0.0,0.7,1.5,46.7,1,15.0,0,0,0.0,0.0,0.0,0.0,0.0
B-shown-1,B,1,1,3,5,15,Pete,12.6,2.0,2,100,0,85.0,0,0,3.0,7.8,1.8,0.0,0.0
B-shown-1,B,1,1,4,1,16,Kurt,0.74,2.0,2,100,0,41.0,0,0,0.74,0.0,0.0,0.0,0.0
B-shown-1,B,1,1,4,1,16,Stella,0.0,2.0,2,100,0,46.0,0,0,0.0,0.0,0.0,0.0,0.0
B-shown-1,B,1,1,4,1,16,Lucky,0.0,1.0,1,100,0,36.0,0,0,0.0,0.0,0.0,0.0,0.0
B-shown-1,B,1,1,4,1,16,Alice,0.0,0,1.5,0.0,1,30.0,0,0,0.0,0.0,0.0,0.0,0.0
B-shown-1,B,1,1,4,1,16,Bob,0.0,0,1.5,0.0,1,20.0,0,0,0.0,0.0,0.0,0.0,0.0
B-shown-1,B,1,1,4,1,16,Pete,11.74,2.0,2,100,0,85.0,0,0,3.0,7.48,1.26,0.0,0.0
B-shown-1,B,1,1,4,2,17,Kurt,2.64,2.0,2,100,0,36.0,0,0,0.74,0.0,0.0,0.0,1.9
B-shown-1,B,1,1,4,2,17,Stella,2.4,2.0,2,100,0,41.0,0,0,0.0,0.0,0.0,0.0,2.4
B-shown-1,B,1,1,4,2,17,Lucky,0.0,1.0,1,100,0,36.0,0,0,0.0,0.0,0.0,0.0,0.0
B-shown-1,B,1,1,4,2,17,Alice,0.0,0,1.5,0.0,1,30,0,0,0.0,0.0,0.0,0.0,0.0
B-shown-1,B,1,1,4,2,17,Bob,0.0,0,1.5,0.0,1,25.0,0,0,0.0,0.0,0.0,0.0,0.0
B-shown-1,B,1,1,4,2,17,Pete,13.34,2.0,2,100,0,85.0,0,0,3.0,9.08,1.26,0.0,0.0
B-shown-1,B,1,1,4,3,18,Kurt,2.84,2.0,2,100,0,31.0,0,0,0.74,0.0,0.0,0.0,2.1
B-shown-1,B,1,1,4,3,18,Stella,4.2,2.0,2,100,0,36.0,0,0,0.0,0.0,0.0,0.0,4.2
B-shown-1,B,1,1,4,3,18,Lucky,0.0,1.0,1,100,0,36.0,0,0,0.0,0.0,0.0,0.0,0.0
B-shown-1,B,1,1,4,3,18,Alice,0.2,0.75,1.5,50.0,0,50,0,0,0.0,0.2,0.0,0.0,0.0
B-shown-1,B,1,1,4,3,18,Bob,0.0,0.75,1.5,50.0,0,20.0,0,0,0.0,0.0,0.0,0.0,0.0
B-shown-1,B,1,1,4,3,18,Pete,13.94,2.0,2,100,0,85.0,0,0,3.0,9.68,1.26,0.0,0.0
B-shown-1,B,1,1,4,4,19,Kurt,4.24,2.0,2,100,0,6.0,0,0,0.74,0.0,0.0,0.0,3.5
B-shown-1,B,1,1,4,4,19,Stella,4.2,2.0,2,100,0,11.0,0,0,0.0,0.0,0.0,0.0,4.2
B-shown-1,B,1,1,4,4,19,Lucky,0.0,1.0,1,100,0,36.0,0,0,0.0,0.0,0.0,0.0,0.0
B-shown-1,B,1,1,4,4,19,Alice,1.3,1.5,1.5,100,0,45,0,0,0.0,0.0,0.0,0.0,1.3
B-shown-1,B,1,1,4,4,19,Bob,0.55,0.75,1.5,50.0,0,15.0,0,0,0.0,0.0,0.55,0.0,0.0
B-shown-1,B,1,1,4,4,19,Pete,16.74,2.0,2,100,0,85.0,0,0,3.0,12.48,1.26,0.0,0.0
B-shown-1,B,1,1,4,5,20,Kurt,1.24,2.0,2,100,0,26.0,0,0,0.74,0.0,0.0,0.0,0.5
B-shown-1,B,1,1,4,5,20,Stella,2.2,2.0,2,100,0,31.0,0,0,0.0,0.0,0.0,0.0,2.2
B-shown-1,B,1,1,4,5,20,Lucky,0.0,1.0,1,100,0,56.0,0,0,0.0,0.0,0.0,0.0,0.0
B-shown-1,B,1,1,4,5,20,Alice,2.2,1.5,1.5,100,0,40,0,0,0.0,0.0,0.0,0.0,2.2
B-shown-1,B,1,1,4,5,20,Bob,0.0,0.75,1.5,50.0,0,30.0,0,0,0.0,0.0,0.0,0.0,0.0
B-shown-1,B,1,1,4,5,20,Pete,19.54,2.0,2,100,0,85.0,0,0,3.0,15.28,1.26,0.0,0.0
A-shown-2,A,1,2,1,1,1,Kurt,3.2,2.0,2,100,0,63.0,0,0,3.0,0.0,0.0,0.2,0.0
A-shown-2,A,1,2,1,1,1,Stella,3.2,2.0,2,100,0,65.0,0,0,3.0,0.0,0.0,0.0,0.2
A-shown-2,A,1,2,1,1,1,Lucky,2.0,1.0,1,100,0,90.0,0,0,2.0,0.0,0.0,0.0,0.0
A-shown-2,A,1,2,1,1,1,Alice,2.2,1.5,1.5,100,0,70.0,0,0,2.2,0.0,0.0,0.0,0.0
A-shown-2,A,1,2,1,1,1,Bob,1.5,1.5,1.5,100,0,90.0,0,0,1.5,0.0,0.0,0.0,0.0
A-shown-2,A,1,2,1,1,1,Pete,4.6,2.0,2,100,0,70.0,0,0,3.0,1.6,0.0,0.0,0.0
A-shown-2,A,1,2,1,2,2,Kurt,5.7,2.0,2,100,0,56.0,0,0,3.0,0.0,0.0,2.7,0.0
A-shown-2,A,1,2,1,2,2,Stella,6.4,2.0,2,100,0,65.0,0,0,3.0,3.2,0.0,0.0,0.2
A-shown-2,A,1,2,1,2,2,Lucky,1.0,1.0,1,100,0,100,0,0,1.0,0.0,0.0,0.0,0.0
A-shown-2,A,1,2,1,2,2,Alice,2.0,1.5,1.5,100,0,70.0,0,0,2.0,0.0,0.0,0.0,0.0
A-shown-2,A,1,2,1,2,2,Bob,0.0,1.5,1.5,100,0,100,0,0,0.0,0.0,0.0,0.0,0.0
A-shown-2,A,1,2,1,2,2,Pete,7.9,2.0,2,100,0,70.0,0,0,3.0,4.9,0.0,0.0,0.0
A-shown-2,A,1,2,1,3,3,Kurt,8.2,2.0,2,100,0,31.0,0,0,3.0,0.0,0.0,2.7,2.5
A-shown-2,A,1,2,1,3,3,Stella,5.5,2.0,2,100,0,65.0,0,0,3.0,2.3,0.0,0.0,0.2
A-shown-2,A,1,2,1,3,3,Lucky,0.0,1.0,1,100,0,100,0,0,0.0,0.0,0.0,0.0,0.0
A-shown-2,A,1,2,1,3,3,Alice,0.4,1.5,1.5,100,0,70.0,0,0,0.4,0.0,0.0,0.0,0.0
A-shown-2,A,1,2,1,3,3,Bob,0.0,1.5,1.5,100,0,100,0,0,0.0,0.0,0.0,0.0,0.0
A-shown-2,A,1,2,1,3,3,Pete,9.5,2.0,2,100,0,70.0,0,0,3.0,6.5,0.0,0.0,0.0
A-shown-2,A,1,2,1,4,4,Kurt,8.4,2.0,2,100,0,6.0,0,0,3.0,0.0,0.0,2.7,2.7
A-shown-2,A,1,2,1,4,4,Stella,6.8,2.0,2,100,0,63.0,0,0,3.0,0.3,0.0,3.3,0.2
A-shown-2,A,1,2,1,4,4,Lucky,0.1,1.0,1,100,0,93,0,0,0.0,0.0,0.0,0.1,0.0
A-shown-2,A,1,2,1,4,4,Alice,0.0,1.1,1.5,73.3,0,65.0,0,0,0.0,0.0,0.0,0.0,0.0
A-shown-2,A,1,2,1,4,4,Bob,0.0,1.3,1.5,86.7,0,95,0,0,0.0,0.0,0.0,0.0,0.0
A-shown-2,A,1,2,1,4,4,Pete,11.1,2.0,2,100,0,70.0,0,0,3.0,8.1,0.0,0.0,0.0
A-shown-2,A,1,2,1,5,5,Kurt,6.4,2.0,2,100,0,26.0,0,0,3.0,0.0,0.0,2.7,0.7
A-shown-2,A,1,2,1,5,5,Stella,9.2,2.0,2,100,0,56.0,0,0,3.0,0.0,0.0,6.2,0.0
A-shown-2,A,1,2,1,5,5,Lucky,0.2,1.0,1,100,0,86,0,0,0.0,0.0,0.0,0.2,0.0
A-shown-2,A,1,2,1,5,5,Alice,0.0,1.3,1.5,86.7,0,60.0,0,0,0.0,0.0,0.0,0.0,0.0
A-shown-2,A,1,2,1,5,5,Bob,0.0,1.3,1.5,86.7,0,90,0,0,0.0,0.0,0.0,0.0,0.0
A-shown-2,A,1,2,1,5,5,Pete,13.9,2.0,2,100,0,70.0,0,0,3.0,10.9,0.0,0.0,0.0
A-shown-2,A,1,2,2,1,6,Kurt,3.99,2.0,2,100,0,46.0,0,0,3.0,0.0,0.0,0.99,0.0
A-shown-2,A,1,2,2,1,6,Stella,10.18,2.0,2,100,0,56.0,0,0,3.0,1.6,0.0,5.58,0.0
A-shown-2,A,1,2,2,1,6,Lucky,0.28,1.0,1,100,0,79,0,0,0.0,0.0,0.0,0.28,0.0
A-shown-2,A,1,2,2,1,6,Alice,0.0,1.3,1.5,86.7,0,55.0,0,0,0.0,0.0,0.0,0.0,0.0
A-shown-2,A,1,2,2,1,6,Bob,0.0,0.7,1.5,46.7,1,60,0,0,0.0,0.0,0.0,0.0,0.0
A-shown-2,A,1,2,2,1,6,Pete,11.14,2.0,2,100,0,70.0,0,0,3.0,8.14,0.0,0.0,0.0
A-shown-2,A,1,2,2,2,7,Kurt,5.39,2.0,2,100,0,21.0,0,0,3.0,0.0,0.0,0.99,1.4
A-shown-2,A,1,2,2,2,7,Stella,9.28,2.0,2,100,0,56.0,0,0,3.0,0.7,0.0,5.58,0.0
A-shown-2,A,1,2,2,2,7,Lucky,0.38,1.0,1,100,0,72,0,0,0.0,0.0,0.0,0.38,0.0
A-shown-2,A,1,2,2,2,7,Alice,0.0,1.3,1.5,86.7,0,50.0,0,0,0.0,0.0,0.0,0.0,0.0
A-shown-2,A,1,2,2,2,7,Bob,0.0,0.7,1.5,46.7,1,45,0,0,0.0,0.0,0.0,0.0,0.0
A-shown-2,A,1,2,2,2,7,Pete,12.74,2.0,2,100,0,70.0,0,0,3.0,9.74,0.0,0.0,0.0
A-shown-2,A,1,2,2,3,8,Kurt,3.39,2.0,2,100,0,41.0,0,0,3.0,0.0,0.0,0.39,0.0
A-shown-2,A,1,2,2,3,8,Stella,7.36,2.0,2,100,0,51.0,0,0,3.0,0.0,0.0,4.36,0.0
A-shown-2,A,1,2,2,3,8,Lucky,0.0,1.0,1,100,0,92,0,0,0.0,0.0,0.0,0.0,0.0
A-shown-2,A,1,2,2,3,8,Alice,0.5,1.5,1.5,100,0,55.0,0,0,0.0,0.0,0.0,0.5,0.0
A-shown-2,A,1,2,2,3,8,Bob,0.0,1.5,1.5,100,0,45,0,0,0.0,0.0,0.0,0.0,0.0
A-shown-2,A,1,2,2,3,8,Pete,14.34,2.0,2,100,0,70.0,0,0,3.0,11.34,0.0,0.0,0.0
A-shown-2,A,1,2,2,4,9,Kurt,3.59,2.0,2,100,0,36.0,0,0,3.0,0.0,0.0,0.39,0.2
A-shown-2,A,1,2,2,4,9,Stella,6.16,2.0,2,100,0,26.0,0,0,3.0,0.0,0.0,2.86,0.3
A-shown-2,A,1,2,2,4,9,Lucky,0.0,1.0,1,100,0,100,0,0,0.0,0.0,0.0,0.0,0.0
A-shown-2,A,1,2,2,4,9,Alice,1.6,1.5,1.5,100,0,55.0,0,0,0.0,0.0,0.0,1.6,0.0
A-shown-2,A,1,2,2,4,9,Bob,0.0,1.5,1.5,100,0,45,0,0,0.0,0.0,0.0,0.0,0.0
A-shown-2,A,1,2,2,4,9,Pete,15.94,2.0,2,100,0,70.0,0,0,3.0,12.94,0.0,0.0,0.0
A-shown-2,A,1,2,2,5,10,Kurt,1.59,2.0,2,100,0,56.0,0,0,1.59,0.0,0.0,0.0,0.0
A-shown-2,A,1,2,2,5,10,Stella,4.16,2.0,2,100,0,46.0,0,0,3.0,0.0,0.0,1.16,0.0
A-shown-2,A,1,2,2,5,10,Lucky,0.1,1.0,1,100,0,95,0,0,0.0,0.0,0.0,0.0,0.1
A-shown-2,A,1,2,2,5,10,Alice,1.2,1.5,1.5,100,0,50.0,0,0,0.0,0.0,0.0,1.2,0.0
A-shown-2,A,1,2,2,5,10,Bob,0.0,1.5,1.5,100,0,45,0,0,0.0,0.0,0.0,0.0,0.0
A-shown-2,A,1,2,2,5,10,Pete,18.74,2.0,2,100,0,70.0,0,0,3.0,15.74,0.0,0.0,0.0
A-shown-2,A,1,2,3,1,11,Kurt,1.19,1.0,2,50.0,0,51.0,0,1,1.19,0.0,0.0,0.0,0.0
A-shown-2,A,1,2,3,1,11,Stella,2.12,2.0,2,100,0,46.0,0,1,2.12,0.0,0.0,0.0,0.0
A-shown-2,A,1,2,3,1,11,Lucky,0.0,1.0,1,100,0,95,0,1,0.0,0.0,0.0,0.0,0.0
A-shown-2,A,1,2,3,1,11,Alice,0.0,1.38,1.5,92.0,0,45.0,0,1,0.0,0.0,0.0,0.0,0.0
A-shown-2,A,1,2,3,1,11,Bob,0.0,0.3,1.5,20.0,1,30,0,1,0.0,0.0,0.0,0.0,0.0
A-shown-2,A,1,2,3,1,11,Pete,11.64,2.0,2,100,0,75.0,0,1,3.0,7.44,1.2,0.0,0.0
A-shown-2,A,1,2,3,2,12,Kurt,0.49,1.0,2,50.0,0,46.0,0,1,0.49,0.0,0.0,0.0,0.0
A-shown-2,A,1,2,3,2,12,Stella,1.22,2.0,2,100,0,46.0,0,1,1.22,0.0,0.0,0.0,0.0
A-shown-2,A,1,2,3,2,12,Lucky,0.0,1.0,1,100,0,95,0,1,0.0,0.0,0.0,0.0,0.0
A-shown-2,A,1,2,3,2,12,Alice,0.0,0.3,1.5,20.0,1,30.0,0,1,0.0,0.0,0.0,0.0,0.0
A-shown-2,A,1,2,3,2,12,Bob,0.0,0.3,1.5,20.0,1,15,0,1,0.0,0.0,0.0,0.0,0.0
A-shown-2,A,1,2,3,2,12,Pete,10.24,2.0,2,100,0,80.0,0,1,3.0,5.44,1.8,0.0,0.0
A-shown-2,A,1,2,3,3,13,Kurt,0.0,1.0,2,50.0,0,41.0,0,1,0.0,0.0,0.0,0.0,0.0
A-shown-2,A,1,2,3,3,13,Stella,0.0,2.0,2,100,0,46.0,0,1,0.0,0.0,0.0,0.0,0.0
A-shown-2,A,1,2,3,3,13,Lucky,0.0,0.81,1,81.0,0,90,0,1,0.0,0.0,0.0,0.0,0.0
A-shown-2,A,1,2,3,3,13,Alice,0.0,0.3,1.5,20.0,1,15.0,0,1,0.0,0.0,0.0,0.0,0.0
A-shown-2,A,1,2,3,3,13,Bob,0.0,0.3,1.5,20.0,1,0,0,1,0.0,0.0,0.0,0.0,0.0
A-shown-2,A,1,2,3,3,13,Pete,9.44,2.0,2,100,0,85.0,0,1,3.0,3.44,3.0,0.0,0.0
A-shown-2,A,1,2,3,4,14,Kurt,2.4,1.0,2,50.0,0,31.0,0,0,0.0,0.0,0.0,0.0,2.4
A-shown-2,A,1,2,3,4,14,Stella,0.2,2.0,2,100,0,21.0,0,0,0.0,0.0,0.0,0.0,0.2
A-shown-2,A,1,2,3,4,14,Lucky,0.5,1.0,1,100,0,85,0,0,0.0,0.0,0.0,0.0,0.5
A-shown-2,A,1,2,3,4,14,Alice,0.0,0.75,1.5,50.0,0,10.0,0,0,0.0,0.0,0.0,0.0,0.0
A-shown-2,A,1,2,3,4,14,Bob,0.0,0.55,1.5,36.7,1,5,0,0,0.0,0.0,0.0,0.0,0.0
A-shown-2,A,1,2,3,4,14,Pete,11.04,2.0,2,100,0,85.0,0,0,3.0,5.04,3.0,0.0,0.0
A-shown-2,A,1,2,3,5,15,Kurt,2.9,1.0,2,50.0,0,21.0,0,0,0.0,0.0,0.0,0.0,2.9
A-shown-2,A,1,2,3,5,15,Stella,0.0,2.0,2,100,0,21.0,0,0,0.0,0.0,0.0,0.0,0.0
A-shown-2,A,1,2,3,5,15,Lucky,1.0,1.0,1,100,0,60,0,0,0.0,0.0,0.0,0.0,1.0
A-shown-2,A,1,2,3,5,15,Alice,0.0,0.7,1.5,46.7,1,0,0,0,0.0,0.0,0.0,0.0,0.0
A-shown-2,A,1,2,3,5,15,Bob,0.0,0,1.5,0.0,1,10,0,0,0.0,0.0,0.0,0.0,0.0
A-shown-2,A,1,2,3,5,15,Pete,12.64,2.0,2,100,0,85.0,0,0,3.0,6.64,3.0,0.0,0.0
A-shown-2,A,1,2,4,1,16,Kurt,0.42,1.0,2,50.0,0,36.0,0,0,0.0,0.0,0.0,0.0,0.42
A-shown-2,A,1,2,4,1,16,Stella,0.0,2.0,2,100,0,21.0,0,0,0.0,0.0,0.0,0.0,0.0
A-shown-2,A,1,2,4,1,16,Lucky,0.6,1.0,1,100,0,35,0,0,0.0,0.0,0.0,0.0,0.6
A-shown-2,A,1,2,4,1,16,Alice,1.25,0.75,1.5,50.0,0,20,4.5,0,0.0,1.25,0.0,0.0,0.0
A-shown-2,A,1,2,4,1,16,Bob,0.0,1.5,1.5,100,0,35,0,0,0.0,0.0,0.0,0.0,0.0
A-shown-2,A,1,2,4,1,16,Pete,8.38,2.0,2,100,0,85.0,0,0,3.0,3.28,2.1,0.0,0.0
A-shown-2,A,1,2,4,2,17,Kurt,3.02,1.0,2,50.0,0,26.0,0,0,0.0,0.0,0.0,0.0,3.02
A-shown-2,A,1,2,4,2,17,Stella,0.0,2.0,2,100,0,21.0,0,0,0.0,0.0,0.0,0.0,0.0
A-shown-2,A,1,2,4,2,17,Lucky,0.7,1.0,1,100,0,30,0,0,0.0,0.0,0.0,0.0,0.7
A-shown-2,A,1,2,4,2,17,Alice,0.0,0.75,1.5,50.0,0,20,4.5,0,0.0,0.0,0.0,0.0,0.0
A-shown-2,A,1,2,4,2,17,Bob,0.0,1.2,1.5,80.0,0,55,0,0,0.0,0.0,0.0,0.0,0.0
A-shown-2,A,1,2,4,2,17,Pete,11.18,2.0,2,100,0,85.0,0,0,3.0,6.08,2.1,0.0,0.0
A-shown-2,A,1,2,4,3,18,Kurt,1.12,1.0,2,50.0,0,41.0,0,0,0.0,0.0,0.0,0.0,1.12
A-shown-2,A,1,2,4,3,18,Stella,0.0,2.0,2,100,0,21.0,0,0,0.0,0.0,0.0,0.0,0.0
A-shown-2,A,1,2,4,3,18,Lucky,0.5,1.0,1,100,0,5,0,0,0.0,0.0,0.0,0.0,0.5
A-shown-2,A,1,2,4,3,18,Alice,0.0,0.7,1.5,46.7,1,5,4.5,0,0.0,0.0,0.0,0.0,0.0
A-shown-2,A,1,2,4,3,18,Bob,0.0,0,1.5,0.0,1,60,0,0,0.0,0.0,0.0,0.0,0.0
A-shown-2,A,1,2,4,3,18,Pete,12.78,2.0,2,100,0,85.0,0,0,3.0,7.68,2.1,0.0,0.0
A-shown-2,A,1,2,4,4,19,Kurt,2.12,1.0,2,50.0,0,31.0,0,0,0.0,0.0,0.0,0.0,2.12
A-shown-2,A,1,2,4,4,19,Stella,0.0,2.0,2,100,0,21.0,0,0,0.0,0.0,0.0,0.0,0.0
A-shown-2,A,1,2,4,4,19,Lucky,0.0,1.0,1,100,0,25,0,0,0.0,0.0,0.0,0.0,0.0
A-shown-2,A,1,2,4,4,19,Alice,0.0,0,1.5,0.0,1,10,4.5,0,0.0,0.0,0.0,0.0,0.0
A-shown-2,A,1,2,4,4,19,Bob,0.0,0,1.5,0.0,1,50,0,0,0.0,0.0,0.0,0.0,0.0
A-shown-2,A,1,2,4,4,19,Pete,15.58,2.0,2,100,0,85.0,0,0,3.0,10.48,2.1,0.0,0.0
A-shown-2,A,1,2,4,5,20,Kurt,1.52,1.0,2,50.0,0,21.0,0,0,0.0,0.0,0.0,0.0,1.52
A-shown-2,A,1,2,4,5,20,Stella,0.0,2.0,2,100,0,41.0,0,0,0.0,0.0,0.0,0.0,0.0
A-shown-2,A,1,2,4,5,20,Lucky,0.0,1.0,1,100,0,45,0,0,0.0,0.0,0.0,0.0,0.0
A-shown-2,A,1,2,4,5,20,Alice,0.0,0.7,1.5,46.7,1,0,4.5,0,0.0,0.0,0.0,0.0,0.0
A-shown-2,A,1,2,4,5,20,Bob,0.0,0,1.5,0.0,1,40,0,0,0.0,0.0,0.0,0.0,0.0
A-shown-2,A,1,2,4,5,20,Pete,17.18,2.0,2,100,0,85.0,0,0,3.0,12.08,2.1,0.0,0.0
B-shown-2,B,1,2,1,1,1,Kurt,3.2,2.0,2,100,0,63.0,0,0,3.0,0.0,0.0,0.2,0.0
B-shown-2,B,1,2,1,1,1,Stella,3.2,2.0,2,100,0,63.0,0,0,3.0,0.0,0.0,0.2,0.0
B-shown-2,B,1,2,1,1,1,Lucky,2.0,1.0,1,100,0,90.0,0,0,2.0,0.0,0.0,0.0,0.0
B-shown-2,B,1,2,1,1,1,Alice,2.8,1.5,1.5,100,0,65.0,0,0,2.8,0.0,0.0,0.0,0.0
B-shown-2,B,1,2,1,1,1,Bob,2.2,1.5,1.5,100,0,70.0,0,0,2.2,0.0,0.0,0.0,0.0
B-shown-2,B,1,2,1,1,1,Pete,5.8,2.0,2,100,0,70.0,0,0,3.0,2.8,0.0,0.0,0.0
B-shown-2,B,1,2,1,2,2,Kurt,4.6,2.0,2,100,0,56.0,0,0,3.0,0.0,0.0,1.6,0.0
B-shown-2,B,1,2,1,2,2,Stella,1.2,2.0,2,100,0,58.0,0,0,1.2,0.0,0.0,0.0,0.0
B-shown-2,B,1,2,1,2,2,Lucky,1.0,1.0,1,100,0,100,0,0,1.0,0.0,0.0,0.0,0.0
B-shown-2,B,1,2,1,2,2,Alice,3.9,1.5,1.5,100,0,60.0,0,0,2.8,0.0,0.0,0.0,1.1
B-shown-2,B,1,2,1,2,2,Bob,2.0,1.5,1.5,100,0,70.0,0,0,2.0,0.0,0.0,0.0,0.0
B-shown-2,B,1,2,1,2,2,Pete,8.6,2.0,2,100,0,70.0,0,0,3.0,5.6,0.0,0.0,0.0
B-shown-2,B,1,2,1,3,3,Kurt,5.2,2.0,2,100,0,31.0,0,0,3.0,0.0,0.0,1.6,0.6
B-shown-2,B,1,2,1,3,3,Stella,0.0,2.0,2,100,0,53.0,0,0,0.0,0.0,0.0,0.0,0.0
B-shown-2,B,1,2,1,3,3,Lucky,0.0,1.0,1,100,0,100,0,0,0.0,0.0,0.0,0.0,0.0
B-shown-2,B,1,2,1,3,3,Alice,5.0,1.5,1.5,100,0,35.0,0,0,2.8,0.0,0.0,0.0,2.2
B-shown-2,B,1,2,1,3,3,Bob,1.8,1.5,1.5,100,0,70.0,0,0,1.8,0.0,0.0,0.0,0.0
B-shown-2,B,1,2,1,3,3,Pete,11.4,2.0,2,100,0,70.0,0,0,3.0,8.4,0.0,0.0,0.0
B-shown-2,B,1,2,1,4,4,Kurt,2.2,2.0,2,100,0,51.0,0,0,2.2,0.0,0.0,0.0,0.0
B-shown-2,B,1,2,1,4,4,Stella,0.2,2.0,2,100,0,48.0,0,0,0.0,0.0,0.0,0.0,0.2
B-shown-2,B,1,2,1,4,4,Lucky,0.0,1.0,1,100,0,100,0,0,0.0,0.0,0.0,0.0,0.0
B-shown-2,B,1,2,1,4,4,Alice,4.8,1.5,1.5,100,0,10.0,0,0,2.8,0.0,0.0,0.0,2.0
B-shown-2,B,1,2,1,4,4,Bob,1.0,1.5,1.5,100,0,70.0,0,0,1.0,0.0,0.0,0.0,0.0
B-shown-2,B,1,2,1,4,4,Pete,13.0,2.0,2,100,0,70.0,0,0,3.0,10.0,0.0,0.0,0.0
B-shown-2,B,1,2,1,5,5,Kurt,4.7,2.0,2,100,0,26.0,0,0,2.2,0.0,0.0,0.0,2.5
B-shown-2,B,1,2,1,5,5,Stella,2.5,2.0,2,100,0,48.0,0,0,0.0,0.0,0.0,0.0,2.5
B-shown-2,B,1,2,1,5,5,Lucky,0.5,1.0,1,100,0,93,0,0,0.0,0.0,0.0,0.5,0.0
B-shown-2,B,1,2,1,5,5,Alice,3.3,1.5,1.5,100,0,30.0,0,0,2.8,0.0,0.0,0.0,0.5
B-shown-2,B,1,2,1,5,5,Bob,0.8,1.5,1.5,100,0,70.0,0,0,0.8,0.0,0.0,0.0,0.0
B-shown-2,B,1,2,1,5,5,Pete,14.8,2.0,2,100,0,70.0,0,0,3.0,11.8,0.0,0.0,0.0
B-shown-2,B,1,2,2,1,6,Kurt,2.2,2.0,2,100,0,66.0,0,0,2.2,0.0,0.0,0.0,0.0
B-shown-2,B,1,2,2,1,6,Stella,2.8,2.0,2,100,0,48.0,0,0,0.0,0.0,0.0,0.0,2.8
B-shown-2,B,1,2,2,1,6,Lucky,0.95,1.0,1,100,0,86,0,0,0.0,0.0,0.0,0.95,0.0
B-shown-2,B,1,2,2,1,6,Alice,1.7,1.5,1.5,100,0,35.0,0,0,1.7,0.0,0.0,0.0,0.0
B-shown-2,B,1,2,2,1,6,Bob,0.0,1.5,1.5,100,0,70.0,0,0,0.0,0.0,0.0,0.0,0.0
B-shown-2,B,1,2,2,1,6,Pete,11.08,2.0,2,100,0,70.0,0,0,3.0,8.08,0.0,0.0,0.0
B-shown-2,B,1,2,2,2,7,Kurt,3.6,2.0,2,100,0,59.0,0,0,2.2,0.0,0.0,1.4,0.0
B-shown-2,B,1,2,2,2,7,Stella,1.9,2.0,2,100,0,48.0,0,0,0.0,0.0,0.0,0.0,1.9
B-shown-2,B,1,2,2,2,7,Lucky,0.75,1.0,1,100,0,79,0,0,0.0,0.0,0.0,0.75,0.0
B-shown-2,B,1,2,2,2,7,Alice,0.0,1.5,1.5,100,0,60.0,0,0,0.0,0.0,0.0,0.0,0.0
B-shown-2,B,1,2,2,2,7,Bob,0.0,1.5,1.5,100,0,70.0,0,0,0.0,0.0,0.0,0.0,0.0
B-shown-2,B,1,2,2,2,7,Pete,12.68,2.0,2,100,0,70.0,0,0,3.0,9.68,0.0,0.0,0.0
B-shown-2,B,1,2,2,3,8,Kurt,3.8,2.0,2,100,0,54.0,0,0,2.2,0.0,0.0,1.4,0.2
B-shown-2,B,1,2,2,3,8,Stella,5.3,2.0,2,100,0,48.0,0,0,0.0,0.0,0.0,0.0,5.3
B-shown-2,B,1,2,2,3,8,Lucky,1.25,1.0,1,100,0,72,0,0,0.0,0.0,0.0,1.25,0.0
B-shown-2,B,1,2,2,3,8,Alice,0.3,1.5,1.5,100,0,55.0,0,0,0.0,0.0,0.0,0.0,0.3
B-shown-2,B,1,2,2,3,8,Bob,0.0,1.5,1.5,100,0,70.0,0,0,0.0,0.0,0.0,0.0,0.0
B-shown-2,B,1,2,2,3,8,Pete,13.28,2.0,2,100,0,70.0,0,0,3.0,10.28,0.0,0.0,0.0
B-shown-2,B,1,2,2,4,9,Kurt,5.2,2.0,2,100,0,49.0,0,0,2.2,0.0,0.0,1.4,1.6
B-shown-2,B,1,2,2,4,9,Stella,6.6,2.0,2,100,0,43.0,0,0,0.0,0.0,0.0,0.0,6.6
B-shown-2,B,1,2,2,4,9,Lucky,0.65,1.0,1,100,0,65,0,0,0.0,0.0,0.0,0.65,0.0
B-shown-2,B,1,2,2,4,9,Alice,0.6,1.5,1.5,100,0,50.0,0,0,0.0,0.0,0.0,0.0,0.6
B-shown-2,B,1,2,2,4,9,Bob,0.0,1.5,1.5,100,0,70.0,0,0,0.0,0.0,0.0,0.0,0.0
B-shown-2,B,1,2,2,4,9,Pete,16.08,2.0,2,100,0,70.0,0,0,3.0,13.08,0.0,0.0,0.0
B-shown-2,B,1,2,2,5,10,Kurt,5.4,2.0,2,100,0,44.0,0,0,2.2,0.0,0.0,1.4,1.8
B-shown-2,B,1,2,2,5,10,Stella,7.55,2.0,2,100,0,38.0,0,0,0.0,0.0,0.0,0.0,7.55
B-shown-2,B,1,2,2,5,10,Lucky,0.0,1.0,1,100,0,85,0,0,0.0,0.0,0.0,0.0,0.0
B-shown-2,B,1,2,2,5,10,Alice,0.9,1.5,1.5,100,0,45.0,0,0,0.0,0.0,0.0,0.0,0.9
B-shown-2,B,1,2,2,5,10,Bob,0.0,1.5,1.5,100,0,70.0,0,0,0.0,0.0,0.0,0.0,0.0
B-shown-2,B,1,2,2,5,10,Pete,17.68,2.0,2,100,0,70.0,0,0,3.0,14.68,0.0,0.0,0.0
B-shown-2,B,1,2,3,1,11,Kurt,4.0,2.0,2,100,0,44.0,0,1,2.2,0.0,0.0,1.26,0.54
B-shown-2,B,1,2,3,1,11,Stella,4.04,2.0,2,100,0,38.0,0,1,0.0,0.0,0.0,0.0,4.04
B-shown-2,B,1,2,3,1,11,Lucky,0.0,1.0,1,100,0,85,0,1,0.0,0.0,0.0,0.0,0.0
B-shown-2,B,1,2,3,1,11,Alice,0.0,1.42,1.5,94.7,0,40.0,0,1,0.0,0.0,0.0,0.0,0.0
B-shown-2,B,1,2,3,1,11,Bob,0.0,0.3,1.5,20.0,1,55.0,0,1,0.0,0.0,0.0,0.0,0.0
B-shown-2,B,1,2,3,1,11,Pete,11.01,2.0,2,100,0,75.0,0,1,3.0,6.81,1.2,0.0,0.0
B-shown-2,B,1,2,3,2,12,Kurt,2.6,2.0,2,100,0,44.0,0,1,2.2,0.0,0.0,0.4,0.0
B-shown-2,B,1,2,3,2,12,Stella,2.34,2.0,2,100,0,38.0,0,1,0.0,0.0,0.0,0.0,2.34
B-shown-2,B,1,2,3,2,12,Lucky,0.0,1.0,1,100,0,90,0,1,0.0,0.0,0.0,0.0,0.0
B-shown-2,B,1,2,3,2,12,Alice,0.0,0.7,1.5,46.7,1,25.0,0,1,0.0,0.0,0.0,0.0,0.0
B-shown-2,B,1,2,3,2,12,Bob,0.0,0.7,1.5,46.7,1,40.0,0,1,0.0,0.0,0.0,0.0,0.0
B-shown-2,B,1,2,3,2,12,Pete,9.71,2.0,2,100,0,80.0,0,1,3.0,4.31,2.4,0.0,0.0
B-shown-2,B,1,2,3,3,13,Kurt,0.9,2.0,2,100,0,44.0,0,1,0.9,0.0,0.0,0.0,0.0
B-shown-2,B,1,2,3,3,13,Stella,1.44,2.0,2,100,0,38.0,0,1,0.0,0.0,0.0,0.0,1.44
B-shown-2,B,1,2,3,3,13,Lucky,0.0,1.0,1,100,0,90,0,1,0.0,0.0,0.0,0.0,0.0
B-shown-2,B,1,2,3,3,13,Alice,0.0,1.5,1.5,100,0,30.0,0,1,0.0,0.0,0.0,0.0,0.0
B-shown-2,B,1,2,3,3,13,Bob,0.0,0.6,1.5,40.0,1,25.0,0,1,0.0,0.0,0.0,0.0,0.0
B-shown-2,B,1,2,3,3,13,Pete,7.41,2.0,2,100,0,85.0,0,1,3.0,0.81,3.6,0.0,0.0
B-shown-2,B,1,2,3,4,14,Kurt,2.1,2.0,2,100,0,19.0,0,0,0.9,0.0,0.0,0.0,1.2
B-shown-2,B,1,2,3,4,14,Stella,1.64,2.0,2,100,0,33.0,0,0,0.0,0.0,0.0,0.0,1.64
B-shown-2,B,1,2,3,4,14,Lucky,0.0,1.0,1,100,0,65,0,0,0.0,0.0,0.0,0.0,0.0
B-shown-2,B,1,2,3,4,14,Alice,0.0,1.5,1.5,100,0,35.0,0,0,0.0,0.0,0.0,0.0,0.0
B-shown-2,B,1,2,3,4,14,Bob,0.0,1.5,1.5,100,0,25.0,0,0,0.0,0.0,0.0,0.0,0.0
B-shown-2,B,1,2,3,4,14,Pete,8.01,2.0,2,100,0,85.0,0,0,3.0,1.6,3.41,0.0,0.0
B-shown-2,B,1,2,3,5,15,Kurt,0.1,2.0,2,100,0,39.0,0,0,0.1,0.0,0.0,0.0,0.0
B-shown-2,B,1,2,3,5,15,Stella,3.84,2.0,2,100,0,28.0,0,0,0.0,0.0,0.0,0.0,3.84
B-shown-2,B,1,2,3,5,15,Lucky,0.0,1.0,1,100,0,40,0,0,0.0,0.0,0.0,0.0,0.0
B-shown-2,B,1,2,3,5,15,Alice,0.0,1.5,1.5,100,0,40.0,0,0,0.0,0.0,0.0,0.0,0.0
B-shown-2,B,1,2,3,5,15,Bob,0.0,1.5,1.5,100,0,25.0,0,0,0.0,0.0,0.0,0.0,0.0
B-shown-2,B,1,2,3,5,15,Pete,9.81,2.0,2,100,0,85.0,0,0,3.0,3.4,3.41,0.0,0.0
B-shown-2,B,1,2,4,1,16,Kurt,1.5,2.0,2,100,0,34.0,0,0,0.1,0.0,0.0,0.0,1.4
B-shown-2,B,1,2,4,1,16,Stella,1.07,2.0,2,100,0,48.0,0,0,0.0,0.0,0.0,0.0,1.07
B-shown-2,B,1,2,4,1,16,Lucky,0.5,1.0,1,100,0,35,0,0,0.0,0.0,0.0,0.0,0.5
B-shown-2,B,1,2,4,1,16,Alice,0.5,1.5,1.5,100,0,45.0,1.0,0,0.0,0.0,0.5,0.0,0.0
B-shown-2,B,1,2,4,1,16,Bob,0.0,1.5,1.5,100,0,25.0,0,0,0.0,0.0,0.0,0.0,0.0
B-shown-2,B,1,2,4,1,16,Pete,8.73,2.0,2,100,0,85.0,0,0,3.0,4.24,1.49,0.0,0.0
B-shown-2,B,1,2,4,2,17,Kurt,0.0,2.0,2,100,0,54.0,0,0,0.0,0.0,0.0,0.0,0.0
B-shown-2,B,1,2,4,2,17,Stella,0.27,2.0,2,100,0,23.0,0,0,0.0,0.0,0.0,0.0,0.27
B-shown-2,B,1,2,4,2,17,Lucky,0.0,1.0,1,100,0,55,0,0,0.0,0.0,0.0,0.0,0.0
B-shown-2,B,1,2,4,2,17,Alice,0.0,1.2,1.5,80.0,0,40.0,1.0,0,0.0,0.0,0.0,0.0,0.0
B-shown-2,B,1,2,4,2,17,Bob,0.0,0.7,1.5,46.7,1,10.0,0,0,0.0,0.0,0.0,0.0,0.0
B-shown-2,B,1,2,4,2,17,Pete,10.33,2.0,2,100,0,85.0,0,0,3.0,5.84,1.49,0.0,0.0
B-shown-2,B,1,2,4,3,18,Kurt,0.0,2.0,2,100,0,49.0,0,0,0.0,0.0,0.0,0.0,0.0
B-shown-2,B,1,2,4,3,18,Stella,0.0,1.17,2,58.5,0,18.0,0,0,0.0,0.0,0.0,0.0,0.0
B-shown-2,B,1,2,4,3,18,Lucky,0.0,1.0,1,100,0,50,0,0,0.0,0.0,0.0,0.0,0.0
B-shown-2,B,1,2,4,3,18,Alice,0.0,0.3,1.5,20.0,1,25.0,1.0,0,0.0,0.0,0.0,0.0,0.0
B-shown-2,B,1,2,4,3,18,Bob,0.0,0.3,1.5,20.0,1,0,0,0,0.0,0.0,0.0,0.0,0.0
B-shown-2,B,1,2,4,3,18,Pete,13.13,2.0,2,100,0,85.0,0,0,3.0,8.64,1.49,0.0,0.0
B-shown-2,B,1,2,4,4,19,Kurt,0.0,2.0,2,100,0,44.0,0,0,0.0,0.0,0.0,0.0,0.0
B-shown-2,B,1,2,4,4,19,Stella,0.0,1.9,2,95.0,0,33.0,0,0,0.0,0.0,0.0,0.0,0.0
B-shown-2,B,1,2,4,4,19,Lucky,0.0,1.0,1,100,0,45,0,0,0.0,0.0,0.0,0.0,0.0
B-shown-2,B,1,2,4,4,19,Alice,0.0,1.3,1.5,86.7,0,20.0,1.0,0,0.0,0.0,0.0,0.0,0.0
B-shown-2,B,1,2,4,4,19,Bob,0.0,0,1.5,0.0,1,5,0,0,0.0,0.0,0.0,0.0,0.0
B-shown-2,B,1,2,4,4,19,Pete,15.93,2.0,2,100,0,85.0,0,0,3.0,11.44,1.49,0.0,0.0
B-shown-2,B,1,2,4,5,20,Kurt,0.2,2.0,2,100,0,39.0,0,0,0.0,0.0,0.0,0.0,0.2
B-shown-2,B,1,2,4,5,20,Stella,0.2,2.0,2,100,0,28.0,0,0,0.0,0.0,0.0,0.0,0.2
B-shown-2,B,1,2,4,5,20,Lucky,0.5,1.0,1,100,0,40,0,0,0.0,0.0,0.0,0.0,0.5
B-shown-2,B,1,2,4,5,20,Alice,0.0,1.3,1.5,86.7,0,15.0,1.0,0,0.0,0.0,0.0,0.0,0.0
B-shown-2,B,1,2,4,5,20,Bob,0.0,0,1.5,0.0,1,10,0,0,0.0,0.0,0.0,0.0,0.0
B-shown-2,B,1,2,4,5,20,Pete,17.53,2.0,2,100,0,85.0,0,0,3.0,13.04,1.49,0.0,0.0
