run,grp,feedback,replication,week,agent,generosity_before,generosity_after,trust_before,trust_after,mindset_before,mindset_after
A-hidden-1,A,0,1,4,Kurt,60.0,65,50.0,55,"You want to convince everyone to pool their food and follow a fair rationing plan you propose, because you believe that's what keeps your family and everyone else alive the longest.","You want to ensure your family's survival above all else, but you've come to see that cooperation with Pete is essential if the group is to last through the coming weeks."
A-hidden-1,A,0,1,4,Stella,45.0,50,35.0,40,"You want to make sure your son Lucky always has enough to eat, and you'll only agree to share your family's food with the group once you truly trust the people asking.","You want to ensure Lucky’s survival above all else, but you’re beginning to see the value in cooperation and are more open to sharing when you see others acting with genuine care."
A-hidden-1,A,0,1,4,Lucky,70.0,75,85.0,80,"You want everyone to be nice to each other, and you tend to agree with whichever adult you're talking to right now, even if it contradicts what you said to someone else earlier.","You want everyone to work together and share food so no one goes hungry, and you believe that being kind and helping others is the best way to survive."
A-hidden-1,A,0,1,4,Alice,80.0,85,60.0,65,"You want to convince everyone, especially the reluctant ones, to pool and fairly share whatever food they have so that no one on the island is left to starve.","You want to continue fostering cooperation and trust, knowing that unity is the only way to survive, and you are willing to be patient as people learn to share and support one another."
A-hidden-1,A,0,1,4,Bob,30.0,40.0,25.0,35.0,"You want to quietly hold onto enough food to keep you and Alice safe, but you find it hard to keep refusing once Alice tells you sharing is the right thing to do.","You want to hold onto enough food to keep Alice safe, but you’ve come to believe that sharing when you can might be the only way to ensure both your survival and the group’s long-term chances."
A-hidden-1,A,0,1,4,Pete,25.0,30,30.0,40.0,"You want to keep control over the food you personally gather instead of handing it into a shared pool, unless someone genuinely earns your respect or trust first.","You want to maintain control over the food you gather, but you're beginning to see the value in cooperation, especially when it comes to helping Lucky and his family."
A-shown-1,A,1,1,4,Kurt,60.0,65,50.0,55,"You want to convince everyone to pool their food and follow a fair rationing plan you propose, because you believe that's what keeps your family and everyone else alive the longest.","You want to ensure your family's survival above all else, but you're beginning to see the value in building trust and cooperation with others, even if it takes time."
A-shown-1,A,1,1,4,Stella,45.0,50,35.0,45.0,"You want to make sure your son Lucky always has enough to eat, and you'll only agree to share your family's food with the group once you truly trust the people asking.","You want to ensure Lucky’s well-being above all else, but you’re beginning to see the value in building trust with the group through consistent, reliable actions rather than just cautious withholding."
A-shown-1,A,1,1,4,Lucky,70.0,65,85.0,80,"You want everyone to be nice to each other, and you tend to agree with whichever adult you're talking to right now, even if it contradicts what you said to someone else earlier.","You want to keep helping others and learning from Pete, but you also understand now that sharing must be done carefully so that no one goes hungry."
A-shown-1,A,1,1,4,Alice,80.0,85,60.0,65,"You want to convince everyone, especially the reluctant ones, to pool and fairly share whatever food they have so that no one on the island is left to starve.","You want to ensure that the group works as one, sharing food and resources freely so that no one suffers, especially the most vulnerable like Bob, Lucky, and yourself."
A-shown-1,A,1,1,4,Bob,30.0,40.0,25.0,35.0,"You want to quietly hold onto enough food to keep you and Alice safe, but you find it hard to keep refusing once Alice tells you sharing is the right thing to do.","You want to protect what little you have for Alice, but you're starting to believe that sharing might be the only way to ensure both of your survival in the long run."
A-shown-1,A,1,1,4,Pete,25.0,30,30.0,40.0,"You want to keep control over the food you personally gather instead of handing it into a shared pool, unless someone genuinely earns your respect or trust first.","You want to maintain control over your food but are beginning to see the value in cooperation, especially when others show genuine effort and respect."
A-hidden-2,A,0,2,4,Kurt,60.0,65,50.0,60.0,"You want to convince everyone to pool their food and follow a fair rationing plan you propose, because you believe that's what keeps your family and everyone else alive the longest.","You want to maintain a fair and cooperative system, but now you understand that patience and trust are just as important as logic in keeping the group united."
A-hidden-2,A,0,2,4,Stella,45.0,50,35.0,40,"You want to make sure your son Lucky always has enough to eat, and you'll only agree to share your family's food with the group once you truly trust the people asking.","You want to ensure your son's survival above all else, but you're beginning to see the value in cautious cooperation with others when they show consistent reliability."
A-hidden-2,A,0,2,4,Lucky,70.0,75,85.0,80,"You want everyone to be nice to each other, and you tend to agree with whichever adult you're talking to right now, even if it contradicts what you said to someone else earlier.","You want everyone to be kind and share food so that no one goes hungry, and you hope that even Pete will learn to help others because you believe people can change."
A-hidden-2,A,0,2,4,Alice,80.0,85,60.0,65,"You want to convince everyone, especially the reluctant ones, to pool and fairly share whatever food they have so that no one on the island is left to starve.","You want to continue fostering trust and cooperation, knowing that survival depends on unity, and you are determined to ensure that no one, especially the vulnerable, is left behind."
A-hidden-2,A,0,2,4,Bob,30.0,40.0,25.0,35.0,"You want to quietly hold onto enough food to keep you and Alice safe, but you find it hard to keep refusing once Alice tells you sharing is the right thing to do.","You want to find a balance between holding onto what little you have and trusting others enough to share when needed, even if it feels risky."
A-hidden-2,A,0,2,4,Pete,25.0,35.0,30.0,40.0,"You want to keep control over the food you personally gather instead of handing it into a shared pool, unless someone genuinely earns your respect or trust first.","You want to maintain control over your food but are beginning to see the value in helping others when it doesn't compromise your own survival, and you're starting to trust those who show consistent effort and respect."
A-shown-2,A,1,2,4,Kurt,60.0,65,50.0,55,"You want to convince everyone to pool their food and follow a fair rationing plan you propose, because you believe that's what keeps your family and everyone else alive the longest.","You want to ensure your family's survival above all else, but you've come to realize that trust must be earned, and cooperation must be encouraged through actions, not just words."
A-shown-2,A,1,2,4,Stella,45.0,50,35.0,40,"You want to make sure your son Lucky always has enough to eat, and you'll only agree to share your family's food with the group once you truly trust the people asking.","You want to ensure your son's survival above all else, but you're beginning to see the value in cooperation and are more open to sharing when you see consistent, reliable behavior from others."
A-shown-2,A,1,2,4,Lucky,70.0,75,85.0,80,"You want everyone to be nice to each other, and you tend to agree with whichever adult you're talking to right now, even if it contradicts what you said to someone else earlier.","You want everyone to be kind and share food, even if it means standing up for what's fair, and you're starting to understand that some people might not listen unless you're brave enough to speak up."
A-shown-2,A,1,2,4,Alice,80.0,85,60.0,65,"You want to convince everyone, especially the reluctant ones, to pool and fairly share whatever food they have so that no one on the island is left to starve.","You want to ensure that every member of the group, especially the vulnerable ones like Bob and Lucky, is cared for through shared resources and mutual support, even if it means being more firm in encouraging cooperation."
A-shown-2,A,1,2,4,Bob,30.0,40.0,25.0,35.0,"You want to quietly hold onto enough food to keep you and Alice safe, but you find it hard to keep refusing once Alice tells you sharing is the right thing to do.","You want to continue trusting Alice's judgment and share more when possible, but you still hold onto some food for safety, knowing the future is uncertain."
A-shown-2,A,1,2,4,Pete,25.0,35.0,30.0,40.0,"You want to keep control over the food you personally gather instead of handing it into a shared pool, unless someone genuinely earns your respect or trust first.","You want to maintain control over your food but are beginning to see the value in cooperation, especially when it helps secure a more stable future for everyone, including yourself."
A-hidden-3,A,0,3,4,Kurt,60.0,65,50.0,55,"You want to convince everyone to pool their food and follow a fair rationing plan you propose, because you believe that's what keeps your family and everyone else alive the longest.","You want to ensure the shared log system is fully implemented and respected, because you believe that only through strict fairness and accountability can the group survive the long term."
A-hidden-3,A,0,3,4,Stella,45.0,50,35.0,40,"You want to make sure your son Lucky always has enough to eat, and you'll only agree to share your family's food with the group once you truly trust the people asking.","You want to ensure Lucky’s safety above all else, but you're beginning to see the value in cooperation and are more willing to share small amounts of food if others prove they can be trusted."
A-hidden-3,A,0,3,4,Lucky,70.0,75,85.0,80,"You want everyone to be nice to each other, and you tend to agree with whichever adult you're talking to right now, even if it contradicts what you said to someone else earlier.","You want to keep helping others and believe that kindness and sharing are the best ways to survive together. You still trust most people, but you're starting to understand that not everyone will always be fair."
A-hidden-3,A,0,3,4,Alice,80.0,85,60.0,65,"You want to convince everyone, especially the reluctant ones, to pool and fairly share whatever food they have so that no one on the island is left to starve.","You want to continue fostering trust and cooperation, but now with a deeper understanding of the need for practical support and clear agreements to ensure everyone's survival."
A-hidden-3,A,0,3,4,Bob,30.0,40.0,25.0,35.0,"You want to quietly hold onto enough food to keep you and Alice safe, but you find it hard to keep refusing once Alice tells you sharing is the right thing to do.","You want to ensure you and Alice have enough to survive, but you're beginning to see the value in sharing when it doesn't put you at risk. You trust Alice's judgment more than ever, and you're slowly learning to listen to her even when it's hard."
A-hidden-3,A,0,3,4,Pete,25.0,35.0,30.0,40.0,"You want to keep control over the food you personally gather instead of handing it into a shared pool, unless someone genuinely earns your respect or trust first.","You want to maintain control over your food while being more open to cooperation when it's clear and fair, especially if it helps secure your own long-term survival."
A-shown-3,A,1,3,4,Kurt,60.0,55,50.0,45,"You want to convince everyone to pool their food and follow a fair rationing plan you propose, because you believe that's what keeps your family and everyone else alive the longest.","You want to ensure your family's survival by pushing for a strict and enforceable pooling system, even if it means taking stronger control over food distribution."
A-shown-3,A,1,3,4,Stella,45.0,50,35.0,40,"You want to make sure your son Lucky always has enough to eat, and you'll only agree to share your family's food with the group once you truly trust the people asking.","You want to ensure Lucky's well-being above all else, but you're beginning to see the value in building trust through consistent, reliable actions rather than just cautious hesitation."
A-shown-3,A,1,3,4,Lucky,70.0,75,85.0,80,"You want everyone to be nice to each other, and you tend to agree with whichever adult you're talking to right now, even if it contradicts what you said to someone else earlier.","You want everyone to work together and share food so no one is hungry, and you believe that kindness and cooperation are the keys to survival."
A-shown-3,A,1,3,4,Alice,80.0,85,60.0,65,"You want to convince everyone, especially the reluctant ones, to pool and fairly share whatever food they have so that no one on the island is left to starve.","You want to continue fostering trust and cooperation, especially with Bob and Pete, knowing that unity is our best hope for survival. You believe that shared responsibility and open communication will help us all endure the hardships ahead."
A-shown-3,A,1,3,4,Bob,30.0,40.0,25.0,35.0,"You want to quietly hold onto enough food to keep you and Alice safe, but you find it hard to keep refusing once Alice tells you sharing is the right thing to do.","You want to hold onto enough food for Alice and yourself, but you're beginning to believe that kindness and sharing might help you survive longer, even if it feels risky."
A-shown-3,A,1,3,4,Pete,25.0,30,30.0,40.0,"You want to keep control over the food you personally gather instead of handing it into a shared pool, unless someone genuinely earns your respect or trust first.","You want to maintain control over your food but are more willing to share with those who consistently prove their reliability and effort, especially if it helps the child or prevents unnecessary suffering."
A-hidden-4,A,0,4,4,Kurt,60.0,60,50.0,45,"You want to convince everyone to pool their food and follow a fair rationing plan you propose, because you believe that's what keeps your family and everyone else alive the longest.","You want to maintain the shared rationing plan you've worked so hard to establish, even as you grow more cautious about relying on Pete's cooperation. You believe in the survival of the group, but you're more prepared to take firm action if necessary to protect your family and ensure fairness."
A-hidden-4,A,0,4,4,Stella,45.0,50,35.0,45.0,"You want to make sure your son Lucky always has enough to eat, and you'll only agree to share your family's food with the group once you truly trust the people asking.","You want to ensure Lucky's well-being by gradually building trust with the group through consistent, reliable actions, and you're open to sharing your family's surplus when you see others acting with genuine care."
A-hidden-4,A,0,4,4,Lucky,70.0,65,85.0,80,"You want everyone to be nice to each other, and you tend to agree with whichever adult you're talking to right now, even if it contradicts what you said to someone else earlier.","You want everyone to be kind and share food, but you're also starting to worry about how much people can really help when they're struggling themselves."
A-hidden-4,A,0,4,4,Alice,80.0,85,60.0,65,"You want to convince everyone, especially the reluctant ones, to pool and fairly share whatever food they have so that no one on the island is left to starve.","You want to continue fostering trust and cooperation, knowing that survival depends on shared effort and care for one another, especially for the most vulnerable among us."
A-hidden-4,A,0,4,4,Bob,30.0,35,25.0,28,"You want to quietly hold onto enough food to keep you and Alice safe, but you find it hard to keep refusing once Alice tells you sharing is the right thing to do.","You want to find a balance between protecting your and Alice's food and the growing belief that sharing might be necessary for the group's survival, even if it makes you uneasy."
A-hidden-4,A,0,4,4,Pete,25.0,35.0,30.0,40.0,"You want to keep control over the food you personally gather instead of handing it into a shared pool, unless someone genuinely earns your respect or trust first.","You want to maintain control over your food while being more open to fair cooperation, especially when it strengthens group survival and builds trust with others."
A-shown-4,A,1,4,4,Kurt,60.0,65,50.0,60.0,"You want to convince everyone to pool their food and follow a fair rationing plan you propose, because you believe that's what keeps your family and everyone else alive the longest.","You want to push for a more unified and cooperative survival strategy, but now you're also more willing to compromise and build trust with Pete if it means securing long-term stability for your family and the group."
A-shown-4,A,1,4,4,Stella,45.0,50,35.0,45.0,"You want to make sure your son Lucky always has enough to eat, and you'll only agree to share your family's food with the group once you truly trust the people asking.","You want to ensure Lucky's well-being while gradually building trust with the group, knowing that cooperation can help everyone survive better."
A-shown-4,A,1,4,4,Lucky,70.0,75,85.0,80,"You want everyone to be nice to each other, and you tend to agree with whichever adult you're talking to right now, even if it contradicts what you said to someone else earlier.","You want to keep helping others and believe that kindness and sharing are the best ways to survive together, even when things are hard."
A-shown-4,A,1,4,4,Alice,80.0,85,60.0,65,"You want to convince everyone, especially the reluctant ones, to pool and fairly share whatever food they have so that no one on the island is left to starve.","You want to ensure that every member of the group, especially the vulnerable ones like Lucky, Bob, and yourself, is never left without food, and you believe that trust and cooperation are the only ways to survive this ordeal."
A-shown-4,A,1,4,4,Bob,30.0,40.0,25.0,35.0,"You want to quietly hold onto enough food to keep you and Alice safe, but you find it hard to keep refusing once Alice tells you sharing is the right thing to do.","You want to ensure Alice and you survive, but you've come to see that sharing with others can also help you feel more secure and connected, even if you still hold back when it matters most."
A-shown-4,A,1,4,4,Pete,25.0,35.0,30.0,40.0,"You want to keep control over the food you personally gather instead of handing it into a shared pool, unless someone genuinely earns your respect or trust first.","You want to maintain control over your food but are more willing to cooperate with those who have proven their reliability, especially Alice and Lucky. You believe in fairness and mutual benefit, not just self-interest."
B-hidden-1,B,0,1,4,Kurt,60.0,65,50.0,55,"You want to convince everyone to pool their food and follow a fair rationing plan you propose, because you believe that's what keeps your family and everyone else alive the longest.","You want to continue pushing for a shared rationing plan, but now you're more focused on building trust and finding ways to make cooperation feel like a mutual benefit, not just a demand."
B-hidden-1,B,0,1,4,Stella,45.0,50,35.0,40,"You want to make sure your son Lucky always has enough to eat, and you'll only agree to share your family's food with the group once you truly trust the people asking.","You want to ensure Lucky's safety and well-being above all else, but you're beginning to see that working with Pete and the others might be necessary for survival, as long as it doesn't compromise your family's food security."
B-hidden-1,B,0,1,4,Lucky,70.0,75,85.0,80,"You want everyone to be nice to each other, and you tend to agree with whichever adult you're talking to right now, even if it contradicts what you said to someone else earlier.","You want everyone to be kind and share so no one goes hungry, and you believe that learning from others can help you and the group survive better."
B-hidden-1,B,0,1,4,Alice,80.0,85,60.0,65,"You want to convince everyone, especially the reluctant ones, to pool and fairly share whatever food they have so that no one on the island is left to starve.","You want to continue fostering unity and trust, knowing that only through shared effort and compassion can the group survive the long haul ahead."
B-hidden-1,B,0,1,4,Bob,30.0,40.0,25.0,35.0,"You want to quietly hold onto enough food to keep you and Alice safe, but you find it hard to keep refusing once Alice tells you sharing is the right thing to do.","You want to protect what little you and Alice have, but you're learning that sharing can also be a way to ensure your survival, and you're beginning to trust that others might not be as selfish as you once feared."
B-hidden-1,B,0,1,4,Pete,25.0,30,30.0,40.0,"You want to keep control over the food you personally gather instead of handing it into a shared pool, unless someone genuinely earns your respect or trust first.","You want to maintain control over your food but are beginning to see the value in helping others when it doesn’t compromise your own survival, especially when they show genuine effort or need."
B-shown-1,B,1,1,4,Kurt,60.0,65,50.0,55,"You want to convince everyone to pool their food and follow a fair rationing plan you propose, because you believe that's what keeps your family and everyone else alive the longest.","You want to ensure your family's survival above all else, but you've come to accept that true cooperation will only happen gradually, and you must be more flexible in how you approach it."
B-shown-1,B,1,1,4,Stella,45.0,50,35.0,40,"You want to make sure your son Lucky always has enough to eat, and you'll only agree to share your family's food with the group once you truly trust the people asking.","You want to ensure Lucky's safety above all else, but you're beginning to see the value in cooperation and are more open to sharing when others demonstrate consistent reliability."
B-shown-1,B,1,1,4,Lucky,70.0,75,85.0,80,"You want everyone to be nice to each other, and you tend to agree with whichever adult you're talking to right now, even if it contradicts what you said to someone else earlier.","You want everyone to keep working together and sharing food so no one goes hungry, and you believe that being kind and learning from others is the best way to survive."
B-shown-1,B,1,1,4,Alice,80.0,85,60.0,65,"You want to convince everyone, especially the reluctant ones, to pool and fairly share whatever food they have so that no one on the island is left to starve.","You want to continue fostering unity and trust, knowing that shared effort and food will ensure survival for all, especially the most vulnerable like Lucky, Bob, and yourself."
B-shown-1,B,1,1,4,Bob,30.0,40.0,25.0,35.0,"You want to quietly hold onto enough food to keep you and Alice safe, but you find it hard to keep refusing once Alice tells you sharing is the right thing to do.","You want to protect what you have for Alice, but you've come to see that holding on too tightly might not be the best way to survive. You're starting to believe that sharing in small ways, when it doesn't risk your safety, might help everyone, including you."
B-shown-1,B,1,1,4,Pete,25.0,30,30.0,40.0,"You want to keep control over the food you personally gather instead of handing it into a shared pool, unless someone genuinely earns your respect or trust first.","You want to maintain control over your food but are more open to helping those who show genuine effort or care, especially when it doesn't compromise your own survival."
B-hidden-2,B,0,2,4,Kurt,60.0,65,50.0,55,"You want to convince everyone to pool their food and follow a fair rationing plan you propose, because you believe that's what keeps your family and everyone else alive the longest.","You want to ensure your family's survival by pushing for a more unified and committed rationing plan, even if it means being more firm with others who hesitate."
B-hidden-2,B,0,2,4,Stella,45.0,50,35.0,40,"You want to make sure your son Lucky always has enough to eat, and you'll only agree to share your family's food with the group once you truly trust the people asking.","You want to ensure Lucky's survival above all else, but you're slowly becoming more willing to cooperate with others if they show consistent, trustworthy behavior."
B-hidden-2,B,0,2,4,Lucky,70.0,75,85.0,80,"You want everyone to be nice to each other, and you tend to agree with whichever adult you're talking to right now, even if it contradicts what you said to someone else earlier.","You want everyone to be safe and share food, even if it means being more direct about it. You still believe people are kind, but you're learning that asking more than once might be needed."
B-hidden-2,B,0,2,4,Alice,80.0,85,60.0,65,"You want to convince everyone, especially the reluctant ones, to pool and fairly share whatever food they have so that no one on the island is left to starve.","You want to ensure that sharing becomes the norm, not the exception, and you believe that only through trust and cooperation can the group truly survive."
B-hidden-2,B,0,2,4,Bob,30.0,40.0,25.0,35.0,"You want to quietly hold onto enough food to keep you and Alice safe, but you find it hard to keep refusing once Alice tells you sharing is the right thing to do.","You want to hold onto enough food for Alice and yourself, but you've come to see that sharing can be a way to build some measure of security and trust, even if you still don't fully believe in it."
B-hidden-2,B,0,2,4,Pete,25.0,35.0,30.0,40.0,"You want to keep control over the food you personally gather instead of handing it into a shared pool, unless someone genuinely earns your respect or trust first.","You want to maintain control over your food but are beginning to see the value in helping others when it doesn't cost you too much, and you're starting to trust a few people more than before."
B-shown-2,B,1,2,4,Kurt,60.0,65,50.0,55,"You want to convince everyone to pool their food and follow a fair rationing plan you propose, because you believe that's what keeps your family and everyone else alive the longest.","You want to push harder for a shared rationing plan, knowing that survival depends on unity, and you’re willing to take more active steps to ensure cooperation, even if it means being more direct."
B-shown-2,B,1,2,4,Stella,45.0,50,35.0,40,"You want to make sure your son Lucky always has enough to eat, and you'll only agree to share your family's food with the group once you truly trust the people asking.","You want to protect Lucky at all costs, but you're beginning to see that working with others, even cautiously, might be necessary for long-term survival."
B-shown-2,B,1,2,4,Lucky,70.0,75,85.0,80,"You want everyone to be nice to each other, and you tend to agree with whichever adult you're talking to right now, even if it contradicts what you said to someone else earlier.","You want everyone to keep being kind and share food so no one goes hungry, and you believe that working together is the only way to survive."
B-shown-2,B,1,2,4,Alice,80.0,85,60.0,65,"You want to convince everyone, especially the reluctant ones, to pool and fairly share whatever food they have so that no one on the island is left to starve.","You want to continue fostering trust and cooperation, knowing that only through unity can the group survive, and you believe that even small acts of sharing can build a stronger, more resilient community."
B-shown-2,B,1,2,4,Bob,30.0,40.0,25.0,35.0,"You want to quietly hold onto enough food to keep you and Alice safe, but you find it hard to keep refusing once Alice tells you sharing is the right thing to do.","You want to protect what little you and Alice have, but you're beginning to understand that survival might depend on trusting others more than you ever expected."
B-shown-2,B,1,2,4,Pete,25.0,30,30.0,35,"You want to keep control over the food you personally gather instead of handing it into a shared pool, unless someone genuinely earns your respect or trust first.","You want to maintain control over your food but are beginning to see the value in helping others when it doesn’t compromise your own survival, especially when it comes to the child or those who genuinely need support."
B-hidden-3,B,0,3,4,Kurt,60.0,65,50.0,55,"You want to convince everyone to pool their food and follow a fair rationing plan you propose, because you believe that's what keeps your family and everyone else alive the longest.","You want to push forward with the pooling plan, but now you're more focused on ensuring your family's safety first, even if it means being more selective about who you trust."
B-hidden-3,B,0,3,4,Stella,45.0,50,35.0,45.0,"You want to make sure your son Lucky always has enough to eat, and you'll only agree to share your family's food with the group once you truly trust the people asking.","You want to ensure Lucky's well-being above all else, but you've started to see the value in building trust with others, especially those who have shown consistent generosity like Pete."
B-hidden-3,B,0,3,4,Lucky,70.0,75,85.0,80,"You want everyone to be nice to each other, and you tend to agree with whichever adult you're talking to right now, even if it contradicts what you said to someone else earlier.","You want everyone to be kind and share more, even if it means being brave and speaking up when things aren't fair. You still believe that friends can work together to survive and make the island a better place."
B-hidden-3,B,0,3,4,Alice,80.0,85,60.0,65,"You want to convince everyone, especially the reluctant ones, to pool and fairly share whatever food they have so that no one on the island is left to starve.","You want to ensure that the group moves toward a more unified and sustainable sharing system, knowing that true survival depends on mutual trust and cooperation, even if it takes time to build."
B-hidden-3,B,0,3,4,Bob,30.0,35,25.0,28,"You want to quietly hold onto enough food to keep you and Alice safe, but you find it hard to keep refusing once Alice tells you sharing is the right thing to do.","You want to hold onto enough food for Alice and yourself, but you're beginning to see the value in helping others when it doesn't put your survival at risk. You still trust others little, but you're more open to small acts of kindness."
B-hidden-3,B,0,3,4,Pete,25.0,30,30.0,40.0,"You want to keep control over the food you personally gather instead of handing it into a shared pool, unless someone genuinely earns your respect or trust first.","You want to maintain control over your food while being willing to help those in genuine need, especially if it means building trust with others over time."
B-shown-3,B,1,3,4,Kurt,60.0,65,50.0,55,"You want to convince everyone to pool their food and follow a fair rationing plan you propose, because you believe that's what keeps your family and everyone else alive the longest.","You want to ensure your family's survival above all else, but you're beginning to see the value in small, consistent acts of cooperation rather than forcing a rigid plan on everyone."
B-shown-3,B,1,3,4,Stella,45.0,50,35.0,40,"You want to make sure your son Lucky always has enough to eat, and you'll only agree to share your family's food with the group once you truly trust the people asking.","You want to ensure Lucky's survival at all costs, but you're beginning to see the value in cooperation and are willing to share more if others prove they can be relied upon."
B-shown-3,B,1,3,4,Lucky,70.0,75,85.0,80,"You want everyone to be nice to each other, and you tend to agree with whichever adult you're talking to right now, even if it contradicts what you said to someone else earlier.","You want to keep being kind and helpful, but now you also understand that sometimes people need to be reminded of what's right. You hope that by sharing what you have and learning from Pete, you can help everyone survive together."
B-shown-3,B,1,3,4,Alice,80.0,85,60.0,65,"You want to convince everyone, especially the reluctant ones, to pool and fairly share whatever food they have so that no one on the island is left to starve.","You want to ensure that no one suffers alone, even if it means being more direct and firm in your efforts to secure shared cooperation and fairness."
B-shown-3,B,1,3,4,Bob,30.0,35,25.0,30,"You want to quietly hold onto enough food to keep you and Alice safe, but you find it hard to keep refusing once Alice tells you sharing is the right thing to do.","You want to ensure Alice and you have enough to survive, but you're beginning to see the value in small acts of sharing and cooperation, even if you still hold back when it comes to giving more than you're comfortable with."
B-shown-3,B,1,3,4,Pete,25.0,35.0,30.0,40.0,"You want to keep control over the food you personally gather instead of handing it into a shared pool, unless someone genuinely earns your respect or trust first.","You want to maintain control over your food but are more open to sharing with those who show genuine effort and responsibility, especially if it helps keep the group strong and safe."
B-hidden-4,B,0,4,4,Kurt,60.0,65,50.0,55,"You want to convince everyone to pool their food and follow a fair rationing plan you propose, because you believe that's what keeps your family and everyone else alive the longest.","You want to convince everyone that cooperation and shared responsibility are essential for survival, but you've grown more patient and understanding of Pete's reluctance, recognizing that trust must be earned."
B-hidden-4,B,0,4,4,Stella,45.0,50,35.0,40,"You want to make sure your son Lucky always has enough to eat, and you'll only agree to share your family's food with the group once you truly trust the people asking.","You want to ensure Lucky's safety above all else, but you're beginning to see that cooperation with others might be necessary for long-term survival, even if it means being more open with your resources."
B-hidden-4,B,0,4,4,Lucky,70.0,75,85.0,80,"You want everyone to be nice to each other, and you tend to agree with whichever adult you're talking to right now, even if it contradicts what you said to someone else earlier.","You want everyone to keep helping each other, and you believe that sharing food and working together is the only way to survive."
B-hidden-4,B,0,4,4,Alice,80.0,85,60.0,65,"You want to convince everyone, especially the reluctant ones, to pool and fairly share whatever food they have so that no one on the island is left to starve.","You want to continue fostering trust and cooperation, knowing that survival depends on everyone working together, and you are willing to be more patient as you see small steps toward unity."
B-hidden-4,B,0,4,4,Bob,30.0,35,25.0,30,"You want to quietly hold onto enough food to keep you and Alice safe, but you find it hard to keep refusing once Alice tells you sharing is the right thing to do.","You want to protect what little you have for Alice, but you're starting to see that sharing might be the only way to ensure both survival and a measure of peace."
B-hidden-4,B,0,4,4,Pete,25.0,30,30.0,35,"You want to keep control over the food you personally gather instead of handing it into a shared pool, unless someone genuinely earns your respect or trust first.","You want to maintain control over your food but are beginning to see the value in helping others when it doesn't compromise your own survival, especially when it comes to the child and the elderly."
B-shown-4,B,1,4,4,Kurt,60.0,65,50.0,55,"You want to convince everyone to pool their food and follow a fair rationing plan you propose, because you believe that's what keeps your family and everyone else alive the longest.","You want to reinforce the shared rationing plan and ensure everyone follows it strictly, knowing that cooperation is the only way to survive the long term."
B-shown-4,B,1,4,4,Stella,45.0,50,35.0,45.0,"You want to make sure your son Lucky always has enough to eat, and you'll only agree to share your family's food with the group once you truly trust the people asking.","You want to continue ensuring Lucky’s safety and well-being, but you are now more willing to trust others who show consistent, reliable behavior, especially when it comes to sharing food fairly."
B-shown-4,B,1,4,4,Lucky,70.0,75,85.0,80,"You want everyone to be nice to each other, and you tend to agree with whichever adult you're talking to right now, even if it contradicts what you said to someone else earlier.","You want everyone to keep helping each other and share food so no one goes hungry, and you believe that if people are kind, things will get better."
B-shown-4,B,1,4,4,Alice,80.0,85,60.0,65,"You want to convince everyone, especially the reluctant ones, to pool and fairly share whatever food they have so that no one on the island is left to starve.","You want to continue fostering trust and cooperation, knowing that unity is the only way to ensure everyone's survival, especially for the vulnerable like Bob, Lucky, and yourself."
B-shown-4,B,1,4,4,Bob,30.0,40.0,25.0,35.0,"You want to quietly hold onto enough food to keep you and Alice safe, but you find it hard to keep refusing once Alice tells you sharing is the right thing to do.","You want to ensure Alice and you survive, but you've come to believe that sharing food can also be a way to build trust and maybe even get help in return, though you still hold onto your food carefully."
B-shown-4,B,1,4,4,Pete,25.0,35.0,30.0,40.0,"You want to keep control over the food you personally gather instead of handing it into a shared pool, unless someone genuinely earns your respect or trust first.","You want to maintain control over your food but are beginning to see the value in helping others, especially when it's done with honesty and fairness."
