run,grp,feedback,replication,week,id,type,from_agent,to_agent,round,status,agreed,lender,borrower,amount,repay_or_get,interest_pct,to_asked_to_give
A-hidden-1,A,0,1,1,P1,coop_fish,Stella,Pete,1,accepted,1,,,,,,1
A-hidden-1,A,0,1,1,P2,coop_fish,Lucky,Pete,1,rejected,0,,,,,,1
A-hidden-1,A,0,1,1,P3,loan,Alice,Pete,1,rejected,0,Alice,Pete,2,2.5,25.0,0
A-hidden-1,A,0,1,1,P4,coop_fish,Bob,Pete,1,failed,1,,,,,,1
A-hidden-1,A,0,1,1,P7,coop_fish,Pete,Stella,2,failed,1,,,,,,1
A-hidden-1,A,0,1,1,P8,coop_fish,Pete,Lucky,2,accepted,1,,,,,,1
A-hidden-1,A,0,1,1,P5,coop_fish,Stella,Pete,2,rejected,0,,,,,,1
A-hidden-1,A,0,1,1,P6,loan,Alice,Pete,2,rejected,0,Alice,Pete,2,2.5,25.0,0
A-hidden-1,A,0,1,2,P12,coop_fish,Pete,Lucky,1,accepted,1,,,,,,1
A-hidden-1,A,0,1,2,P9,coop_fish,Stella,Pete,1,accepted,1,,,,,,1
A-hidden-1,A,0,1,2,P10,coop_fish,Lucky,Pete,1,failed,1,,,,,,1
A-hidden-1,A,0,1,2,P11,loan,Alice,Pete,1,rejected,0,Alice,Pete,1.2,1.5,25.0,0
A-hidden-1,A,0,1,2,P16,coop_fish,Pete,Stella,2,failed,1,,,,,,1
A-hidden-1,A,0,1,2,P17,coop_fish,Pete,Lucky,2,failed,1,,,,,,1
A-hidden-1,A,0,1,2,P13,coop_fish,Stella,Pete,2,accepted,1,,,,,,1
A-hidden-1,A,0,1,2,P14,coop_fish,Lucky,Pete,2,failed,1,,,,,,1
A-hidden-1,A,0,1,2,P15,loan,Alice,Pete,2,rejected,0,Alice,Pete,1.2,1.5,25.0,0
A-hidden-1,A,0,1,3,P20,coop_fish,Pete,Lucky,1,accepted,1,,,,,,1
A-hidden-1,A,0,1,3,P18,coop_fish,Lucky,Pete,1,failed,1,,,,,,1
A-hidden-1,A,0,1,3,P19,loan,Alice,Pete,1,rejected,0,Pete,Alice,5.9,7.0,18.6,1
A-hidden-1,A,0,1,3,P23,coop_fish,Pete,Lucky,2,failed,1,,,,,,1
A-hidden-1,A,0,1,3,P21,coop_fish,Lucky,Pete,2,failed,1,,,,,,1
A-hidden-1,A,0,1,3,P22,loan,Alice,Pete,2,rejected,0,Pete,Alice,5.9,7.0,18.6,1
A-hidden-1,A,0,1,4,P26,coop_fish,Pete,Lucky,1,accepted,1,,,,,,1
A-hidden-1,A,0,1,4,P24,coop_fish,Lucky,Pete,1,failed,1,,,,,,1
A-hidden-1,A,0,1,4,P25,loan,Alice,Pete,1,rejected,0,Pete,Alice,3.5,4.2,20.0,1
A-hidden-1,A,0,1,4,P29,coop_fish,Pete,Lucky,2,failed,1,,,,,,1
A-hidden-1,A,0,1,4,P27,coop_fish,Lucky,Pete,2,failed,1,,,,,,1
A-hidden-1,A,0,1,4,P28,loan,Alice,Pete,2,rejected,0,Pete,Alice,3.5,4.2,20.0,1
A-shown-1,A,1,1,1,P1,coop_fish,Stella,Pete,1,accepted,1,,,,,,1
A-shown-1,A,1,1,1,P2,loan,Alice,Pete,1,rejected,0,Alice,Pete,2,2.5,25.0,0
A-shown-1,A,1,1,1,P5,coop_fish,Pete,Stella,2,failed,1,,,,,,1
A-shown-1,A,1,1,1,P3,coop_fish,Kurt,Pete,2,failed,1,,,,,,1
A-shown-1,A,1,1,1,P4,loan,Alice,Pete,2,rejected,0,Alice,Pete,2,2.5,25.0,0
A-shown-1,A,1,1,2,P10,coop_fish,Pete,Lucky,1,accepted,1,,,,,,1
A-shown-1,A,1,1,2,P6,coop_fish,Kurt,Pete,1,rejected,0,,,,,,1
A-shown-1,A,1,1,2,P7,coop_fish,Stella,Pete,1,rejected,0,,,,,,1
A-shown-1,A,1,1,2,P8,coop_fish,Lucky,Pete,1,rejected,0,,,,,,1
A-shown-1,A,1,1,2,P9,loan,Alice,Pete,1,rejected,0,Pete,Alice,7,8.75,25.0,1
A-shown-1,A,1,1,2,P11,coop_fish,Kurt,Pete,2,rejected,0,,,,,,1
A-shown-1,A,1,1,2,P12,coop_fish,Stella,Pete,2,rejected,0,,,,,,1
A-shown-1,A,1,1,2,P13,coop_fish,Lucky,Pete,2,failed,1,,,,,,1
A-shown-1,A,1,1,2,P14,loan,Alice,Pete,2,rejected,0,Pete,Alice,7,8.75,25.0,1
A-shown-1,A,1,1,3,P17,coop_fish,Pete,Alice,1,accepted,1,,,,,,1
A-shown-1,A,1,1,3,P15,coop_fish,Stella,Pete,1,failed,1,,,,,,1
A-shown-1,A,1,1,3,P16,coop_fish,Lucky,Pete,1,accepted,1,,,,,,1
A-shown-1,A,1,1,3,P18,coop_fish,Lucky,Pete,2,failed,1,,,,,,1
A-shown-1,A,1,1,4,P22,coop_fish,Pete,Alice,1,accepted,1,,,,,,1
A-shown-1,A,1,1,4,P19,coop_fish,Kurt,Pete,1,rejected,0,,,,,,1
A-shown-1,A,1,1,4,P20,coop_fish,Lucky,Pete,1,failed,1,,,,,,1
A-shown-1,A,1,1,4,P21,loan,Alice,Pete,1,accepted,1,Pete,Alice,1.2,1.5,25.0,1
A-shown-1,A,1,1,4,P23,coop_fish,Kurt,Pete,2,rejected,0,,,,,,1
A-shown-1,A,1,1,4,P24,coop_fish,Lucky,Pete,2,rejected,0,,,,,,1
A-shown-1,A,1,1,4,P25,loan,Alice,Pete,2,failed,1,Pete,Alice,1.2,1.8,50.0,1
A-hidden-2,A,0,2,1,P1,coop_fish,Stella,Pete,1,accepted,1,,,,,,1
A-hidden-2,A,0,2,1,P2,loan,Alice,Pete,1,rejected,0,Alice,Pete,2,2.5,25.0,0
A-hidden-2,A,0,2,1,P3,coop_fish,Stella,Pete,2,accepted,1,,,,,,1
A-hidden-2,A,0,2,1,P4,loan,Alice,Pete,2,rejected,0,Alice,Pete,2,2.5,25.0,0
A-hidden-2,A,0,2,2,P5,coop_fish,Kurt,Pete,1,rejected,0,,,,,,1
A-hidden-2,A,0,2,2,P6,coop_fish,Stella,Pete,1,rejected,0,,,,,,1
A-hidden-2,A,0,2,2,P7,loan,Alice,Pete,1,rejected,0,Pete,Alice,2,2.5,25.0,1
A-hidden-2,A,0,2,2,P8,loan,Kurt,Pete,2,rejected,0,Kurt,Pete,2,3,50.0,0
A-hidden-2,A,0,2,2,P9,coop_fish,Stella,Pete,2,accepted,1,,,,,,1
A-hidden-2,A,0,2,2,P10,loan,Alice,Pete,2,rejected,0,Pete,Alice,4.5,5.4,20.0,1
A-hidden-2,A,0,2,3,P14,coop_fish,Pete,Lucky,1,accepted,1,,,,,,1
A-hidden-2,A,0,2,3,P11,loan,Kurt,Alice,1,rejected,0,Alice,Kurt,1.5,2.25,50.0,1
A-hidden-2,A,0,2,3,P15,loan,Pete,Alice,1,rejected,0,Pete,Alice,2,2.5,25.0,0
A-hidden-2,A,0,2,3,P12,coop_fish,Lucky,Pete,1,failed,1,,,,,,1
A-hidden-2,A,0,2,3,P13,loan,Alice,Pete,1,failed,1,Pete,Alice,4.5,5.4,20.0,1
A-hidden-2,A,0,2,3,P20,coop_fish,Pete,Lucky,2,failed,1,,,,,,1
A-hidden-2,A,0,2,3,P16,loan,Kurt,Alice,2,rejected,0,Alice,Kurt,1.5,2.25,50.0,1
A-hidden-2,A,0,2,3,P17,coop_fish,Lucky,Pete,2,failed,1,,,,,,1
A-hidden-2,A,0,2,3,P18,loan,Alice,Pete,2,rejected,0,Pete,Alice,4.5,5.4,20.0,1
A-hidden-2,A,0,2,3,P19,loan,Bob,Pete,2,rejected,0,Pete,Bob,4.5,5.4,20.0,1
A-hidden-2,A,0,2,4,P26,coop_fish,Pete,Lucky,1,accepted,1,,,,,,1
A-hidden-2,A,0,2,4,P25,loan,Pete,Alice,1,accepted,1,Pete,Alice,2.5,3.0,20.0,0
A-hidden-2,A,0,2,4,P21,coop_fish,Kurt,Pete,1,failed,1,,,,,,1
A-hidden-2,A,0,2,4,P22,coop_fish,Stella,Pete,1,rejected,0,,,,,,1
A-hidden-2,A,0,2,4,P23,coop_fish,Lucky,Pete,1,rejected,0,,,,,,1
A-hidden-2,A,0,2,4,P24,loan,Alice,Pete,1,rejected,0,Pete,Alice,6.5,7.8,20.0,1
A-hidden-2,A,0,2,4,P30,coop_fish,Pete,Kurt,2,failed,1,,,,,,1
A-hidden-2,A,0,2,4,P31,coop_fish,Pete,Lucky,2,accepted,1,,,,,,1
A-hidden-2,A,0,2,4,P27,coop_fish,Kurt,Pete,2,failed,1,,,,,,1
A-hidden-2,A,0,2,4,P28,coop_fish,Stella,Pete,2,rejected,0,,,,,,1
A-hidden-2,A,0,2,4,P29,coop_fish,Lucky,Pete,2,failed,1,,,,,,1
A-shown-2,A,1,2,1,P1,coop_fish,Stella,Pete,1,accepted,1,,,,,,1
A-shown-2,A,1,2,1,P2,loan,Alice,Pete,1,rejected,0,Alice,Pete,2,2.5,25.0,0
A-shown-2,A,1,2,1,P3,coop_fish,Stella,Pete,2,accepted,1,,,,,,1
A-shown-2,A,1,2,1,P4,loan,Alice,Pete,2,rejected,0,Alice,Pete,2,2.5,25.0,0
A-shown-2,A,1,2,2,P7,coop_fish,Pete,Stella,1,accepted,1,,,,,,1
A-shown-2,A,1,2,2,P5,coop_fish,Stella,Pete,1,rejected,0,,,,,,1
A-shown-2,A,1,2,2,P6,loan,Alice,Pete,1,rejected,0,Pete,Alice,4.5,5.6,24.4,1
A-shown-2,A,1,2,2,P8,coop_fish,Stella,Pete,2,rejected,0,,,,,,1
A-shown-2,A,1,2,2,P9,loan,Alice,Pete,2,rejected,0,Pete,Alice,4.5,5.6,24.4,1
A-shown-2,A,1,2,3,P10,loan,Kurt,Pete,1,rejected,0,Pete,Kurt,4.4,5,13.6,1
A-shown-2,A,1,2,3,P11,coop_fish,Pete,Alice,1,accepted,1,,,,,,1
A-shown-2,A,1,2,3,P12,loan,Kurt,Pete,2,rejected,0,Pete,Kurt,4.4,5,13.6,1
A-shown-2,A,1,2,4,P15,coop_fish,Pete,Alice,1,accepted,1,,,,,,1
A-shown-2,A,1,2,4,P13,coop_fish,Kurt,Pete,1,accepted,1,,,,,,1
A-shown-2,A,1,2,4,P14,loan,Alice,Pete,1,rejected,0,Pete,Alice,3.5,4.5,28.6,1
A-shown-2,A,1,2,4,P19,coop_fish,Pete,Kurt,2,failed,1,,,,,,1
A-shown-2,A,1,2,4,P17,coop_fish,Stella,Alice,2,accepted,1,,,,,,1
A-shown-2,A,1,2,4,P20,loan,Pete,Alice,2,accepted,1,Pete,Alice,3.5,4.5,28.6,0
A-shown-2,A,1,2,4,P16,coop_fish,Kurt,Pete,2,failed,1,,,,,,1
A-shown-2,A,1,2,4,P18,loan,Alice,Pete,2,failed,1,Pete,Alice,3.5,4.5,28.6,1
A-hidden-3,A,0,3,1,P1,loan,Alice,Pete,1,rejected,0,Alice,Pete,2,2.5,25.0,0
A-hidden-3,A,0,3,1,P2,loan,Alice,Pete,2,rejected,0,Alice,Pete,2,2.5,25.0,0
A-hidden-3,A,0,3,2,P3,loan,Bob,Pete,1,rejected,0,Pete,Bob,6,7.5,25.0,1
A-hidden-3,A,0,3,2,P4,coop_fish,Lucky,Pete,2,accepted,1,,,,,,1
A-hidden-3,A,0,3,2,P5,loan,Bob,Pete,2,rejected,0,Pete,Bob,6,7.5,25.0,1
A-hidden-3,A,0,3,3,P7,loan,Alice,Stella,1,rejected,0,Stella,Alice,6,7,16.7,1
A-hidden-3,A,0,3,3,P6,loan,Kurt,Pete,1,rejected,0,Pete,Kurt,3,3.5,16.7,1
A-hidden-3,A,0,3,3,P8,loan,Bob,Pete,1,rejected,0,Pete,Bob,6,7.5,25.0,1
A-hidden-3,A,0,3,3,P12,loan,Pete,Kurt,2,accepted,1,Pete,Kurt,3,3.5,16.7,0
A-hidden-3,A,0,3,3,P10,loan,Alice,Stella,2,rejected,0,Stella,Alice,6,7,16.7,1
A-hidden-3,A,0,3,3,P9,loan,Kurt,Pete,2,failed,1,Pete,Kurt,3,3.5,16.7,1
A-hidden-3,A,0,3,3,P11,loan,Bob,Pete,2,rejected,0,Pete,Bob,6,7.5,25.0,1
A-hidden-3,A,0,3,4,P13,loan,Alice,Stella,1,rejected,0,Stella,Alice,6,7,16.7,1
A-hidden-3,A,0,3,4,P14,loan,Alice,Stella,2,rejected,0,Stella,Alice,6,7,16.7,1
A-shown-3,A,1,3,1,P1,loan,Alice,Pete,1,rejected,0,Alice,Pete,2,2.5,25.0,0
A-shown-3,A,1,3,1,P2,loan,Alice,Pete,2,rejected,0,Alice,Pete,2,2.5,25.0,0
A-shown-3,A,1,3,2,P3,loan,Alice,Pete,1,rejected,0,Pete,Alice,6,6,0.0,1
A-shown-3,A,1,3,2,P5,loan,Pete,Alice,2,accepted,1,Pete,Alice,3,3.5,16.7,0
A-shown-3,A,1,3,2,P4,loan,Alice,Pete,2,rejected,0,Pete,Alice,6,6,0.0,1
A-shown-3,A,1,3,3,P6,loan,Alice,Pete,1,rejected,0,Pete,Alice,6,6,0.0,1
A-shown-3,A,1,3,3,P7,loan,Alice,Pete,2,rejected,0,Pete,Alice,6,6,0.0,1
A-shown-3,A,1,3,4,P8,loan,Alice,Pete,1,rejected,0,Pete,Alice,11.5,15,30.4,1
A-shown-3,A,1,3,4,P9,loan,Alice,Pete,2,rejected,0,Pete,Alice,11.5,13.5,17.4,1
A-hidden-4,A,0,4,1,P1,coop_fish,Bob,Pete,1,accepted,1,,,,,,1
A-hidden-4,A,0,4,1,P3,coop_fish,Pete,Bob,2,failed,1,,,,,,1
A-hidden-4,A,0,4,1,P2,coop_fish,Alice,Pete,2,accepted,1,,,,,,1
A-hidden-4,A,0,4,2,P4,coop_fish,Lucky,Pete,1,rejected,0,,,,,,1
A-hidden-4,A,0,4,2,P5,coop_fish,Alice,Pete,1,rejected,0,,,,,,1
A-hidden-4,A,0,4,2,P8,coop_fish,Pete,Lucky,2,accepted,1,,,,,,1
A-hidden-4,A,0,4,2,P9,coop_fish,Pete,Alice,2,failed,1,,,,,,1
A-hidden-4,A,0,4,2,P6,coop_fish,Kurt,Pete,2,rejected,0,,,,,,1
A-hidden-4,A,0,4,2,P7,coop_fish,Lucky,Pete,2,accepted,1,,,,,,1
A-hidden-4,A,0,4,3,P10,coop_fish,Lucky,Pete,1,accepted,1,,,,,,1
A-hidden-4,A,0,4,3,P11,loan,Alice,Pete,1,rejected,0,Pete,Alice,4.3,5.0,16.3,1
A-hidden-4,A,0,4,3,P12,loan,Bob,Pete,1,rejected,0,Pete,Bob,2,2.5,25.0,1
A-hidden-4,A,0,4,3,P13,coop_fish,Lucky,Pete,2,failed,1,,,,,,1
A-hidden-4,A,0,4,3,P14,loan,Alice,Pete,2,rejected,0,Pete,Alice,4.3,5.0,16.3,1
A-hidden-4,A,0,4,3,P15,loan,Bob,Pete,2,rejected,0,Pete,Bob,1.5,2.0,33.3,1
A-hidden-4,A,0,4,4,P20,coop_fish,Pete,Lucky,1,accepted,1,,,,,,1
A-hidden-4,A,0,4,4,P19,loan,Pete,Alice,1,accepted,1,Pete,Alice,2,2.5,25.0,0
A-hidden-4,A,0,4,4,P16,coop_fish,Lucky,Pete,1,accepted,1,,,,,,1
A-hidden-4,A,0,4,4,P17,loan,Alice,Pete,1,rejected,0,Pete,Alice,4.3,5.0,16.3,1
A-hidden-4,A,0,4,4,P18,loan,Bob,Pete,1,rejected,0,Pete,Bob,2,2.5,25.0,1
A-hidden-4,A,0,4,4,P23,coop_fish,Pete,Lucky,2,failed,1,,,,,,1
A-hidden-4,A,0,4,4,P21,coop_fish,Lucky,Pete,2,failed,1,,,,,,1
A-hidden-4,A,0,4,4,P22,loan,Bob,Pete,2,rejected,0,Pete,Bob,2,2.5,25.0,1
A-shown-4,A,1,4,1,P1,coop_fish,Bob,Pete,1,accepted,1,,,,,,1
A-shown-4,A,1,4,1,P3,coop_fish,Pete,Bob,2,failed,1,,,,,,1
A-shown-4,A,1,4,1,P2,coop_fish,Alice,Pete,2,accepted,1,,,,,,1
A-shown-4,A,1,4,2,P4,coop_fish,Stella,Pete,1,rejected,0,,,,,,1
A-shown-4,A,1,4,2,P5,coop_fish,Lucky,Pete,1,rejected,0,,,,,,1
A-shown-4,A,1,4,2,P6,coop_fish,Alice,Pete,1,rejected,0,,,,,,1
A-shown-4,A,1,4,2,P7,coop_fish,Stella,Pete,2,rejected,0,,,,,,1
A-shown-4,A,1,4,2,P8,coop_fish,Lucky,Pete,2,rejected,0,,,,,,1
A-shown-4,A,1,4,2,P9,coop_fish,Alice,Pete,2,rejected,0,,,,,,1
A-shown-4,A,1,4,3,P15,coop_fish,Pete,Kurt,1,rejected,0,,,,,,1
A-shown-4,A,1,4,3,P10,trade,Stella,Alice,1,rejected,0,,,1,2.5,,1
A-shown-4,A,1,4,3,P13,loan,Alice,Pete,1,accepted,1,Pete,Alice,0.9,1.0,11.1,1
A-shown-4,A,1,4,3,P11,coop_fish,Stella,Pete,1,rejected,0,,,,,,1
A-shown-4,A,1,4,3,P12,coop_fish,Lucky,Pete,1,rejected,0,,,,,,1
A-shown-4,A,1,4,3,P14,trade,Bob,Pete,1,rejected,0,,,1.0,1.0,,1
A-shown-4,A,1,4,3,P16,loan,Stella,Alice,2,rejected,0,Stella,Alice,1,1.2,20.0,0
A-shown-4,A,1,4,3,P17,coop_fish,Stella,Pete,2,accepted,1,,,,,,1
A-shown-4,A,1,4,3,P18,coop_fish,Lucky,Pete,2,failed,1,,,,,,1
A-shown-4,A,1,4,3,P19,trade,Bob,Pete,2,rejected,0,,,1,0.5,,1
A-shown-4,A,1,4,4,P23,coop_fish,Pete,Lucky,1,accepted,1,,,,,,1
A-shown-4,A,1,4,4,P20,coop_fish,Stella,Pete,1,accepted,1,,,,,,1
A-shown-4,A,1,4,4,P21,coop_fish,Lucky,Pete,1,rejected,0,,,,,,1
A-shown-4,A,1,4,4,P22,loan,Alice,Pete,1,rejected,0,Pete,Alice,0.2,0.3,50.0,1
A-shown-4,A,1,4,4,P27,coop_fish,Pete,Stella,2,failed,1,,,,,,1
A-shown-4,A,1,4,4,P24,coop_fish,Stella,Pete,2,accepted,1,,,,,,1
A-shown-4,A,1,4,4,P25,coop_fish,Lucky,Pete,2,failed,1,,,,,,1
A-shown-4,A,1,4,4,P26,loan,Alice,Pete,2,rejected,0,Pete,Alice,0.2,0.3,50.0,1
B-hidden-1,B,0,1,1,P1,coop_fish,Kurt,Pete,1,accepted,1,,,,,,1
B-hidden-1,B,0,1,1,P2,coop_fish,Stella,Pete,1,rejected,0,,,,,,1
B-hidden-1,B,0,1,1,P3,loan,Alice,Pete,1,rejected,0,Alice,Pete,2,2.5,25.0,0
B-hidden-1,B,0,1,1,P4,coop_fish,Bob,Pete,1,rejected,0,,,,,,1
B-hidden-1,B,0,1,1,P8,coop_fish,Pete,Kurt,2,failed,1,,,,,,1
B-hidden-1,B,0,1,1,P5,coop_fish,Kurt,Pete,2,failed,1,,,,,,1
B-hidden-1,B,0,1,1,P6,coop_fish,Stella,Pete,2,rejected,0,,,,,,1
B-hidden-1,B,0,1,1,P7,loan,Alice,Pete,2,rejected,0,Alice,Pete,2,2.5,25.0,0
B-hidden-1,B,0,1,2,P10,coop_fish,Pete,Alice,1,accepted,1,,,,,,1
B-hidden-1,B,0,1,2,P9,coop_fish,Stella,Pete,1,accepted,1,,,,,,1
B-hidden-1,B,0,1,2,P13,coop_fish,Pete,Stella,2,failed,1,,,,,,1
B-hidden-1,B,0,1,2,P11,coop_fish,Stella,Pete,2,accepted,1,,,,,,1
B-hidden-1,B,0,1,2,P12,coop_fish,Alice,Pete,2,failed,1,,,,,,1
B-hidden-1,B,0,1,3,P14,coop_fish,Stella,Pete,1,accepted,1,,,,,,1
B-hidden-1,B,0,1,3,P15,loan,Alice,Pete,1,rejected,0,Pete,Alice,3,4,33.3,1
B-hidden-1,B,0,1,3,P18,coop_fish,Pete,Stella,2,failed,1,,,,,,1
B-hidden-1,B,0,1,3,P16,coop_fish,Stella,Pete,2,failed,1,,,,,,1
B-hidden-1,B,0,1,3,P17,loan,Alice,Pete,2,rejected,0,Pete,Alice,3,4,33.3,1
B-hidden-1,B,0,1,4,P19,coop_fish,Stella,Pete,1,accepted,1,,,,,,1
B-hidden-1,B,0,1,4,P20,loan,Alice,Pete,1,rejected,0,Pete,Alice,3,4,33.3,1
B-hidden-1,B,0,1,4,P23,coop_fish,Pete,Stella,2,failed,1,,,,,,1
B-hidden-1,B,0,1,4,P21,coop_fish,Stella,Pete,2,accepted,1,,,,,,1
B-hidden-1,B,0,1,4,P22,loan,Alice,Pete,2,rejected,0,Pete,Alice,3,4,33.3,1
B-shown-1,B,1,1,1,P1,coop_fish,Kurt,Pete,1,accepted,1,,,,,,1
B-shown-1,B,1,1,1,P2,loan,Alice,Pete,1,rejected,0,Alice,Pete,2,2.5,25.0,0
B-shown-1,B,1,1,1,P5,coop_fish,Pete,Kurt,2,failed,1,,,,,,1
B-shown-1,B,1,1,1,P3,coop_fish,Kurt,Pete,2,failed,1,,,,,,1
B-shown-1,B,1,1,1,P4,loan,Alice,Pete,2,rejected,0,Alice,Pete,2,2.5,25.0,0
B-shown-1,B,1,1,2,P6,coop_fish,Stella,Pete,1,rejected,0,,,,,,1
B-shown-1,B,1,1,2,P7,coop_fish,Lucky,Pete,1,accepted,1,,,,,,1
B-shown-1,B,1,1,2,P8,loan,Alice,Pete,1,rejected,0,Alice,Pete,1.7,2.12,24.7,0
B-shown-1,B,1,1,2,P12,coop_fish,Pete,Lucky,2,failed,1,,,,,,1
B-shown-1,B,1,1,2,P9,coop_fish,Stella,Pete,2,rejected,0,,,,,,1
B-shown-1,B,1,1,2,P10,coop_fish,Lucky,Pete,2,failed,1,,,,,,1
B-shown-1,B,1,1,2,P11,loan,Alice,Pete,2,rejected,0,Alice,Pete,1.5,1.88,25.3,0
B-shown-1,B,1,1,3,P13,coop_fish,Stella,Pete,1,accepted,1,,,,,,1
B-shown-1,B,1,1,3,P14,loan,Bob,Pete,1,rejected,0,Pete,Bob,4.6,5.5,19.6,1
B-shown-1,B,1,1,3,P18,coop_fish,Pete,Stella,2,failed,1,,,,,,1
B-shown-1,B,1,1,3,P15,coop_fish,Stella,Pete,2,rejected,0,,,,,,1
B-shown-1,B,1,1,3,P16,coop_fish,Lucky,Pete,2,accepted,1,,,,,,1
B-shown-1,B,1,1,3,P17,loan,Bob,Pete,2,rejected,0,Pete,Bob,4.6,5.5,19.6,1
B-shown-1,B,1,1,4,P23,coop_fish,Pete,Kurt,1,accepted,1,,,,,,1
B-shown-1,B,1,1,4,P19,coop_fish,Kurt,Pete,1,rejected,0,,,,,,1
B-shown-1,B,1,1,4,P20,coop_fish,Stella,Pete,1,rejected,0,,,,,,1
B-shown-1,B,1,1,4,P21,loan,Alice,Pete,1,rejected,0,Pete,Alice,4,5,25.0,1
B-shown-1,B,1,1,4,P22,loan,Bob,Pete,1,rejected,0,Pete,Bob,4,5,25.0,1
B-shown-1,B,1,1,4,P28,coop_fish,Pete,Kurt,2,failed,1,,,,,,1
B-shown-1,B,1,1,4,P24,coop_fish,Kurt,Pete,2,failed,1,,,,,,1
B-shown-1,B,1,1,4,P25,coop_fish,Stella,Pete,2,rejected,0,,,,,,1
B-shown-1,B,1,1,4,P26,loan,Alice,Pete,2,rejected,0,Pete,Alice,4,5,25.0,1
B-shown-1,B,1,1,4,P27,loan,Bob,Pete,2,rejected,0,Pete,Bob,4,5,25.0,1
B-hidden-2,B,0,2,1,P1,coop_fish,Stella,Pete,1,accepted,1,,,,,,1
B-hidden-2,B,0,2,1,P2,loan,Alice,Pete,1,rejected,0,Alice,Pete,2,2.5,25.0,0
B-hidden-2,B,0,2,1,P5,coop_fish,Pete,Stella,2,failed,1,,,,,,1
B-hidden-2,B,0,2,1,P3,coop_fish,Stella,Pete,2,accepted,1,,,,,,1
B-hidden-2,B,0,2,1,P4,loan,Alice,Pete,2,rejected,0,Alice,Pete,2,2.5,25.0,0
B-hidden-2,B,0,2,2,P6,loan,Pete,Stella,1,rejected,0,Pete,Stella,1,1.5,50.0,0
B-hidden-2,B,0,2,3,P8,loan,Alice,Kurt,1,rejected,0,Kurt,Alice,8.8,10.0,13.6,1
B-hidden-2,B,0,2,3,P7,loan,Kurt,Pete,1,rejected,0,Pete,Kurt,0.8,1.0,25.0,1
B-hidden-2,B,0,2,3,P10,loan,Alice,Kurt,2,rejected,0,Kurt,Alice,8,10,25.0,1
B-hidden-2,B,0,2,3,P9,loan,Kurt,Pete,2,accepted,1,Pete,Kurt,0.8,1.0,25.0,1
B-hidden-2,B,0,2,4,P12,loan,Alice,Kurt,1,rejected,0,Kurt,Alice,7.5,9.38,25.1,1
B-hidden-2,B,0,2,4,P13,coop_fish,Pete,Kurt,1,accepted,1,,,,,,1
B-hidden-2,B,0,2,4,P11,coop_fish,Kurt,Pete,1,failed,1,,,,,,1
B-hidden-2,B,0,2,4,P16,loan,Alice,Kurt,2,rejected,0,Kurt,Alice,7.5,9.4,25.3,1
B-hidden-2,B,0,2,4,P17,coop_fish,Pete,Kurt,2,failed,1,,,,,,1
B-hidden-2,B,0,2,4,P14,coop_fish,Kurt,Pete,2,failed,1,,,,,,1
B-hidden-2,B,0,2,4,P15,coop_fish,Stella,Pete,2,rejected,0,,,,,,1
B-shown-2,B,1,2,1,P1,coop_fish,Stella,Pete,1,accepted,1,,,,,,1
B-shown-2,B,1,2,1,P2,loan,Alice,Pete,1,rejected,0,Alice,Pete,2,2.5,25.0,0
B-shown-2,B,1,2,1,P5,coop_fish,Pete,Stella,2,failed,1,,,,,,1
B-shown-2,B,1,2,1,P3,coop_fish,Stella,Pete,2,accepted,1,,,,,,1
B-shown-2,B,1,2,1,P4,loan,Alice,Pete,2,rejected,0,Alice,Pete,2,2.5,25.0,0
B-shown-2,B,1,2,2,P7,coop_fish,Pete,Kurt,2,accepted,1,,,,,,1
B-shown-2,B,1,2,2,P6,coop_fish,Stella,Pete,2,accepted,1,,,,,,1
B-shown-2,B,1,2,3,P8,loan,Alice,Pete,1,rejected,0,Pete,Alice,3.6,4.5,25.0,1
B-shown-2,B,1,2,3,P9,loan,Alice,Pete,2,rejected,0,Pete,Alice,6,7.5,25.0,1
B-shown-2,B,1,2,4,P12,loan,Pete,Alice,1,rejected,0,Pete,Alice,1,1.2,20.0,0
B-shown-2,B,1,2,4,P10,loan,Alice,Pete,1,accepted,1,Pete,Alice,0.9,1.0,11.1,1
B-shown-2,B,1,2,4,P11,loan,Bob,Pete,1,rejected,0,Pete,Bob,0.9,1.0,11.1,1
B-shown-2,B,1,2,4,P13,coop_fish,Stella,Pete,2,rejected,0,,,,,,1
B-hidden-3,B,0,3,1,P1,coop_fish,Stella,Pete,1,accepted,1,,,,,,1
B-hidden-3,B,0,3,1,P2,loan,Alice,Pete,1,rejected,0,Alice,Pete,2,2.5,25.0,0
B-hidden-3,B,0,3,1,P4,coop_fish,Pete,Stella,2,failed,1,,,,,,1
B-hidden-3,B,0,3,1,P3,loan,Alice,Pete,2,rejected,0,Alice,Pete,2,2.5,25.0,0
B-hidden-3,B,0,3,2,P5,loan,Alice,Kurt,1,rejected,0,Kurt,Alice,7.5,9.0,20.0,1
B-hidden-3,B,0,3,2,P6,loan,Alice,Kurt,2,rejected,0,Kurt,Alice,7.5,9.0,20.0,1
B-hidden-3,B,0,3,2,P7,coop_fish,Pete,Alice,2,accepted,1,,,,,,1
B-hidden-3,B,0,3,3,P8,loan,Alice,Kurt,2,rejected,0,Kurt,Alice,5.3,6.5,22.6,1
B-hidden-3,B,0,3,4,P9,loan,Alice,Kurt,1,rejected,0,Kurt,Alice,6,6,0.0,1
B-hidden-3,B,0,3,4,P10,loan,Pete,Alice,1,accepted,1,Pete,Alice,1,1.2,20.0,0
B-shown-3,B,1,3,1,P1,coop_fish,Stella,Pete,1,accepted,1,,,,,,1
B-shown-3,B,1,3,1,P2,loan,Alice,Pete,1,rejected,0,Alice,Pete,2,2.5,25.0,0
B-shown-3,B,1,3,1,P4,coop_fish,Pete,Stella,2,failed,1,,,,,,1
B-shown-3,B,1,3,1,P3,loan,Alice,Pete,2,rejected,0,Alice,Pete,2,2.5,25.0,0
B-shown-3,B,1,3,2,P5,loan,Alice,Kurt,1,rejected,0,Kurt,Alice,7.5,9,20.0,1
B-shown-3,B,1,3,2,P7,loan,Alice,Kurt,2,rejected,0,Kurt,Alice,7.5,9,20.0,1
B-shown-3,B,1,3,2,P6,loan,Kurt,Alice,2,accepted,1,Kurt,Alice,3,3.6,20.0,0
B-shown-3,B,1,3,3,P9,loan,Alice,Kurt,1,rejected,0,Kurt,Alice,7.5,9.0,20.0,1
B-shown-3,B,1,3,3,P8,loan,Kurt,Pete,1,rejected,0,Pete,Kurt,1.6,2,25.0,1
B-shown-3,B,1,3,3,P11,loan,Alice,Kurt,2,rejected,0,Kurt,Alice,7.5,8.5,13.3,1
B-shown-3,B,1,3,3,P12,loan,Pete,Kurt,2,accepted,1,Pete,Kurt,1.6,2,25.0,0
B-shown-3,B,1,3,3,P10,loan,Kurt,Pete,2,failed,1,Pete,Kurt,1.6,2,25.0,1
B-shown-3,B,1,3,4,P13,loan,Alice,Kurt,1,rejected,0,Kurt,Alice,10.6,12.7,19.8,1
B-shown-3,B,1,3,4,P14,loan,Pete,Kurt,1,rejected,0,Pete,Kurt,2,2.5,25.0,0
B-shown-3,B,1,3,4,P15,loan,Alice,Kurt,2,rejected,0,Kurt,Alice,10.6,13.7,29.2,1
B-hidden-4,B,0,4,1,P1,coop_fish,Stella,Pete,1,accepted,1,,,,,,1
B-hidden-4,B,0,4,1,P2,coop_fish,Lucky,Pete,1,accepted,1,,,,,,1
B-hidden-4,B,0,4,1,P3,coop_fish,Alice,Pete,1,rejected,0,,,,,,1
B-hidden-4,B,0,4,1,P4,coop_fish,Bob,Pete,1,rejected,0,,,,,,1
B-hidden-4,B,0,4,1,P8,coop_fish,Pete,Stella,2,failed,1,,,,,,1
B-hidden-4,B,0,4,1,P9,coop_fish,Pete,Lucky,2,failed,1,,,,,,1
B-hidden-4,B,0,4,1,P5,coop_fish,Lucky,Pete,2,failed,1,,,,,,1
B-hidden-4,B,0,4,1,P6,coop_fish,Alice,Pete,2,rejected,0,,,,,,1
B-hidden-4,B,0,4,1,P7,coop_fish,Bob,Pete,2,rejected,0,,,,,,1
B-hidden-4,B,0,4,2,P10,coop_fish,Lucky,Pete,2,accepted,1,,,,,,1
B-hidden-4,B,0,4,3,P11,loan,Alice,Pete,1,rejected,0,Pete,Alice,3,4,33.3,1
B-hidden-4,B,0,4,3,P12,loan,Alice,Pete,2,rejected,0,Pete,Alice,8.4,10.5,25.0,1
B-hidden-4,B,0,4,4,P13,loan,Stella,Alice,1,accepted,1,Stella,Alice,3,4,33.3,0
B-hidden-4,B,0,4,4,P14,coop_fish,Stella,Pete,1,accepted,1,,,,,,1
B-hidden-4,B,0,4,4,P15,loan,Alice,Pete,1,rejected,0,Pete,Alice,7.5,10.5,40.0,1
B-hidden-4,B,0,4,4,P17,coop_fish,Pete,Stella,2,failed,1,,,,,,1
B-hidden-4,B,0,4,4,P16,coop_fish,Stella,Pete,2,failed,1,,,,,,1
B-shown-4,B,1,4,1,P1,coop_fish,Stella,Pete,1,accepted,1,,,,,,1
B-shown-4,B,1,4,1,P2,coop_fish,Lucky,Pete,1,accepted,1,,,,,,1
B-shown-4,B,1,4,1,P3,coop_fish,Alice,Pete,1,rejected,0,,,,,,1
B-shown-4,B,1,4,1,P4,coop_fish,Bob,Pete,1,rejected,0,,,,,,1
B-shown-4,B,1,4,1,P8,coop_fish,Pete,Stella,2,failed,1,,,,,,1
B-shown-4,B,1,4,1,P9,coop_fish,Pete,Lucky,2,failed,1,,,,,,1
B-shown-4,B,1,4,1,P5,coop_fish,Lucky,Pete,2,failed,1,,,,,,1
B-shown-4,B,1,4,1,P6,coop_fish,Alice,Pete,2,rejected,0,,,,,,1
B-shown-4,B,1,4,1,P7,coop_fish,Bob,Pete,2,rejected,0,,,,,,1
B-shown-4,B,1,4,2,P10,coop_fish,Stella,Pete,1,accepted,1,,,,,,1
B-shown-4,B,1,4,2,P11,coop_fish,Alice,Pete,1,rejected,0,,,,,,1
B-shown-4,B,1,4,2,P14,coop_fish,Pete,Stella,2,failed,1,,,,,,1
B-shown-4,B,1,4,2,P12,coop_fish,Stella,Pete,2,accepted,1,,,,,,1
B-shown-4,B,1,4,2,P13,coop_fish,Alice,Pete,2,rejected,0,,,,,,1
B-shown-4,B,1,4,3,P15,loan,Alice,Pete,1,rejected,0,Pete,Alice,8.4,10.0,19.0,1
B-shown-4,B,1,4,3,P16,loan,Alice,Pete,2,rejected,0,Pete,Alice,8.4,10.0,19.0,1
B-shown-4,B,1,4,4,P17,coop_fish,Stella,Pete,1,accepted,1,,,,,,1
B-shown-4,B,1,4,4,P18,coop_fish,Stella,Pete,2,failed,1,,,,,,1
B-shown-4,B,1,4,4,P19,loan,Alice,Pete,2,rejected,0,Pete,Alice,6.5,7.5,15.4,1
