run,grp,feedback,replication,week,agent,total,rank,food,reputation,wellbeing,shown_to_agent,source
A-hidden-1,A,0,1,1,Kurt,61,2,67,55,48,0,recomputed
A-hidden-1,A,0,1,1,Stella,55,3,55,56,55,0,recomputed
A-hidden-1,A,0,1,1,Lucky,53,5,48,62,56,0,recomputed
A-hidden-1,A,0,1,1,Alice,55,4,56,57,52,0,recomputed
A-hidden-1,A,0,1,1,Bob,44,6,39,44,57,0,recomputed
A-hidden-1,A,0,1,1,Pete,79,1,100,25,70,0,recomputed
A-hidden-1,A,0,1,2,Kurt,70,2,83,53,46,0,recomputed
A-hidden-1,A,0,1,2,Stella,52,3,48,55,61,0,recomputed
A-hidden-1,A,0,1,2,Lucky,44,5,35,64,54,0,recomputed
A-hidden-1,A,0,1,2,Alice,45,4,39,57,48,0,recomputed
A-hidden-1,A,0,1,2,Bob,42,6,35,48,57,0,recomputed
A-hidden-1,A,0,1,2,Pete,80,1,100,23,77,0,recomputed
A-hidden-1,A,0,1,3,Kurt,45,4,42,52,45,0,recomputed
A-hidden-1,A,0,1,3,Stella,50,2,44,55,61,0,recomputed
A-hidden-1,A,0,1,3,Lucky,45,3,35,65,53,0,recomputed
A-hidden-1,A,0,1,3,Alice,39,5,35,57,32,0,recomputed
A-hidden-1,A,0,1,3,Bob,38,6,35,46,37,0,recomputed
A-hidden-1,A,0,1,3,Pete,81,1,100,26,78,0,recomputed
A-hidden-1,A,0,1,4,Kurt,46,3,45,53,45,0,recomputed
A-hidden-1,A,0,1,4,Stella,44,4,35,53,60,0,recomputed
A-hidden-1,A,0,1,4,Lucky,47,2,36,66,60,0,recomputed
A-hidden-1,A,0,1,4,Alice,37,5,35,58,24,0,recomputed
A-hidden-1,A,0,1,4,Bob,33,6,35,43,15,0,recomputed
A-hidden-1,A,0,1,4,Pete,83,1,100,27,86,0,recomputed
A-shown-1,A,1,1,1,Kurt,67,2,78,52,48,1,logged
A-shown-1,A,1,1,1,Stella,54,3,55,53,51,1,logged
A-shown-1,A,1,1,1,Lucky,53,4,49,63,55,1,logged
A-shown-1,A,1,1,1,Alice,40,5,35,54,40,1,logged
A-shown-1,A,1,1,1,Bob,37,6,35,43,37,1,logged
A-shown-1,A,1,1,1,Pete,80,1,100,35,63,1,logged
A-shown-1,A,1,1,2,Kurt,67,2,81,50,45,1,logged
A-shown-1,A,1,1,2,Stella,62,3,69,53,51,1,logged
A-shown-1,A,1,1,2,Lucky,56,4,52,65,60,1,logged
A-shown-1,A,1,1,2,Alice,43,5,40,55,39,1,logged
A-shown-1,A,1,1,2,Bob,41,6,40,42,41,1,logged
A-shown-1,A,1,1,2,Pete,81,1,100,35,70,1,logged
A-shown-1,A,1,1,3,Kurt,51,2,53,49,46,1,logged
A-shown-1,A,1,1,3,Stella,49,3,48,53,51,1,logged
A-shown-1,A,1,1,3,Lucky,47,4,35,67,64,1,logged
A-shown-1,A,1,1,3,Alice,45,5,40,58,49,1,logged
A-shown-1,A,1,1,3,Bob,32,6,35,38,17,1,logged
A-shown-1,A,1,1,3,Pete,83,1,100,35,78,1,logged
A-shown-1,A,1,1,4,Kurt,42,3,39,49,47,1,logged
A-shown-1,A,1,1,4,Stella,42,4,36,53,50,1,logged
A-shown-1,A,1,1,4,Lucky,47,2,35,67,64,1,logged
A-shown-1,A,1,1,4,Alice,38,5,35,58,29,1,logged
A-shown-1,A,1,1,4,Bob,29,6,35,38,0,1,logged
A-shown-1,A,1,1,4,Pete,84,1,100,35,86,1,logged
A-hidden-2,A,0,2,1,Kurt,59,3,67,50,45,0,logged
A-hidden-2,A,0,2,1,Stella,73,2,81,53,68,0,logged
A-hidden-2,A,0,2,1,Lucky,47,4,36,64,65,0,logged
A-hidden-2,A,0,2,1,Alice,43,6,35,55,53,0,logged
A-hidden-2,A,0,2,1,Bob,43,5,35,46,63,0,logged
A-hidden-2,A,0,2,1,Pete,80,1,100,31,70,0,logged
A-hidden-2,A,0,2,2,Kurt,49,3,48,53,46,0,logged
A-hidden-2,A,0,2,2,Stella,64,2,65,54,71,0,logged
A-hidden-2,A,0,2,2,Lucky,46,4,35,63,63,0,logged
A-hidden-2,A,0,2,2,Alice,40,5,35,56,40,0,logged
A-hidden-2,A,0,2,2,Bob,34,6,35,46,20,0,logged
A-hidden-2,A,0,2,2,Pete,81,1,100,28,77,0,logged
A-hidden-2,A,0,2,3,Kurt,45,3,42,52,47,0,logged
A-hidden-2,A,0,2,3,Stella,53,2,47,55,69,0,logged
A-hidden-2,A,0,2,3,Lucky,44,4,35,63,54,0,logged
A-hidden-2,A,0,2,3,Alice,32,5,35,55,3,0,logged
A-hidden-2,A,0,2,3,Bob,30,6,35,45,0,0,logged
A-hidden-2,A,0,2,3,Pete,82,1,100,30,78,0,logged
A-hidden-2,A,0,2,4,Kurt,38,4,35,53,32,0,logged
A-hidden-2,A,0,2,4,Stella,43,3,35,55,54,0,logged
A-hidden-2,A,0,2,4,Lucky,43,2,35,62,50,0,logged
A-hidden-2,A,0,2,4,Alice,31,5,35,52,0,0,logged
A-hidden-2,A,0,2,4,Bob,30,6,35,47,0,0,logged
A-hidden-2,A,0,2,4,Pete,84,1,100,29,92,0,logged
A-shown-2,A,1,2,1,Kurt,59,3,67,50,45,1,logged
A-shown-2,A,1,2,1,Stella,73,2,81,53,68,1,logged
A-shown-2,A,1,2,1,Lucky,47,4,36,64,65,1,logged
A-shown-2,A,1,2,1,Alice,43,6,35,55,53,1,logged
A-shown-2,A,1,2,1,Bob,43,5,35,46,63,1,logged
A-shown-2,A,1,2,1,Pete,80,1,100,31,70,1,logged
A-shown-2,A,1,2,2,Kurt,45,5,43,49,46,1,logged
A-shown-2,A,1,2,2,Stella,59,2,56,56,72,1,logged
A-shown-2,A,1,2,2,Lucky,47,4,36,64,64,1,logged
A-shown-2,A,1,2,2,Alice,49,3,41,55,64,1,logged
A-shown-2,A,1,2,2,Bob,39,6,35,47,43,1,logged
A-shown-2,A,1,2,2,Pete,81,1,100,29,77,1,logged
A-shown-2,A,1,2,3,Kurt,48,3,50,50,40,1,logged
A-shown-2,A,1,2,3,Stella,46,4,35,55,70,1,logged
A-shown-2,A,1,2,3,Lucky,49,2,40,61,63,1,logged
A-shown-2,A,1,2,3,Alice,41,5,35,59,40,1,logged
A-shown-2,A,1,2,3,Bob,31,6,35,46,4,1,logged
A-shown-2,A,1,2,3,Pete,80,1,98,29,78,1,logged
A-shown-2,A,1,2,4,Kurt,43,4,43,50,37,1,logged
A-shown-2,A,1,2,4,Stella,45,3,35,53,68,1,logged
A-shown-2,A,1,2,4,Lucky,46,2,35,65,58,1,logged
A-shown-2,A,1,2,4,Alice,38,5,35,57,25,1,logged
A-shown-2,A,1,2,4,Bob,31,6,35,48,0,1,logged
A-shown-2,A,1,2,4,Pete,83,1,100,27,86,1,logged
A-hidden-3,A,0,3,1,Kurt,71,2,84,53,50,0,logged
A-hidden-3,A,0,3,1,Stella,52,3,53,55,48,0,logged
A-hidden-3,A,0,3,1,Lucky,52,4,50,61,48,0,logged
A-hidden-3,A,0,3,1,Alice,45,5,38,55,59,0,logged
A-hidden-3,A,0,3,1,Bob,36,6,35,39,37,0,logged
A-hidden-3,A,0,3,1,Pete,79,1,100,37,57,0,logged
A-hidden-3,A,0,3,2,Kurt,58,2,65,50,47,0,logged
A-hidden-3,A,0,3,2,Stella,44,5,40,56,45,0,logged
A-hidden-3,A,0,3,2,Lucky,46,4,35,63,62,0,logged
A-hidden-3,A,0,3,2,Alice,46,3,38,56,61,0,logged
A-hidden-3,A,0,3,2,Bob,30,6,35,38,5,0,logged
A-hidden-3,A,0,3,2,Pete,80,1,100,36,63,0,logged
A-hidden-3,A,0,3,3,Kurt,52,2,52,51,54,0,logged
A-hidden-3,A,0,3,3,Stella,51,3,52,60,38,0,logged
A-hidden-3,A,0,3,3,Lucky,46,4,35,59,65,0,logged
A-hidden-3,A,0,3,3,Alice,39,5,35,57,34,0,logged
A-hidden-3,A,0,3,3,Bob,29,6,35,38,0,0,logged
A-hidden-3,A,0,3,3,Pete,81,1,100,35,71,0,logged
A-hidden-3,A,0,3,4,Kurt,53,2,53,52,53,0,logged
A-hidden-3,A,0,3,4,Stella,47,3,48,57,35,0,logged
A-hidden-3,A,0,3,4,Lucky,46,4,35,58,67,0,logged
A-hidden-3,A,0,3,4,Alice,33,5,35,57,2,0,logged
A-hidden-3,A,0,3,4,Bob,28,6,35,37,0,0,logged
A-hidden-3,A,0,3,4,Pete,82,1,100,38,72,0,logged
A-shown-3,A,1,3,1,Kurt,71,2,84,53,50,1,logged
A-shown-3,A,1,3,1,Stella,52,3,53,55,48,1,logged
A-shown-3,A,1,3,1,Lucky,52,4,50,61,48,1,logged
A-shown-3,A,1,3,1,Alice,45,5,38,55,59,1,logged
A-shown-3,A,1,3,1,Bob,36,6,35,39,37,1,logged
A-shown-3,A,1,3,1,Pete,79,1,100,37,57,1,logged
A-shown-3,A,1,3,2,Kurt,59,3,66,51,46,1,logged
A-shown-3,A,1,3,2,Stella,59,2,63,60,45,1,logged
A-shown-3,A,1,3,2,Lucky,45,4,35,63,56,1,logged
A-shown-3,A,1,3,2,Alice,43,5,35,55,53,1,logged
A-shown-3,A,1,3,2,Bob,34,6,35,39,27,1,logged
A-shown-3,A,1,3,2,Pete,79,1,100,32,63,1,logged
A-shown-3,A,1,3,3,Kurt,48,3,48,52,45,1,logged
A-shown-3,A,1,3,3,Stella,53,2,54,58,45,1,logged
A-shown-3,A,1,3,3,Lucky,45,4,35,62,59,1,logged
A-shown-3,A,1,3,3,Alice,35,5,35,55,16,1,logged
A-shown-3,A,1,3,3,Bob,29,6,35,38,0,1,logged
A-shown-3,A,1,3,3,Pete,80,1,100,34,65,1,logged
A-shown-3,A,1,3,4,Kurt,46,4,46,47,45,1,logged
A-shown-3,A,1,3,4,Stella,58,2,61,63,45,1,logged
A-shown-3,A,1,3,4,Lucky,48,3,40,58,61,1,logged
A-shown-3,A,1,3,4,Alice,36,5,36,59,11,1,logged
A-shown-3,A,1,3,4,Bob,30,6,35,45,0,1,logged
A-shown-3,A,1,3,4,Pete,79,1,100,29,66,1,logged
A-hidden-4,A,0,4,1,Kurt,57,4,62,51,49,0,logged
A-hidden-4,A,0,4,1,Stella,73,2,88,51,50,0,logged
A-hidden-4,A,0,4,1,Lucky,57,3,57,64,50,0,logged
A-hidden-4,A,0,4,1,Alice,56,5,54,55,65,0,logged
A-hidden-4,A,0,4,1,Bob,44,6,35,41,72,0,logged
A-hidden-4,A,0,4,1,Pete,82,1,100,38,70,0,logged
A-hidden-4,A,0,4,2,Kurt,63,4,72,52,46,0,logged
A-hidden-4,A,0,4,2,Stella,80,2,100,52,48,0,logged
A-hidden-4,A,0,4,2,Lucky,67,3,70,64,62,0,logged
A-hidden-4,A,0,4,2,Alice,51,5,45,58,59,0,logged
A-hidden-4,A,0,4,2,Bob,42,6,35,39,66,0,logged
A-hidden-4,A,0,4,2,Pete,84,1,100,35,83,0,logged
A-hidden-4,A,0,4,3,Kurt,49,4,50,50,46,0,logged
A-hidden-4,A,0,4,3,Stella,73,2,89,52,47,0,logged
A-hidden-4,A,0,4,3,Lucky,64,3,64,62,68,0,logged
A-hidden-4,A,0,4,3,Alice,42,5,35,56,49,0,logged
A-hidden-4,A,0,4,3,Bob,36,6,35,40,37,0,logged
A-hidden-4,A,0,4,3,Pete,86,1,100,39,91,0,logged
A-hidden-4,A,0,4,4,Kurt,51,4,54,51,44,0,logged
A-hidden-4,A,0,4,4,Stella,61,3,69,52,46,0,logged
A-hidden-4,A,0,4,4,Lucky,67,2,65,60,81,0,logged
A-hidden-4,A,0,4,4,Alice,45,5,35,57,62,0,logged
A-hidden-4,A,0,4,4,Bob,33,6,35,40,20,0,logged
A-hidden-4,A,0,4,4,Pete,86,1,100,39,92,0,logged
A-shown-4,A,1,4,1,Kurt,57,4,62,51,49,1,logged
A-shown-4,A,1,4,1,Stella,73,2,88,51,50,1,logged
A-shown-4,A,1,4,1,Lucky,57,3,57,64,50,1,logged
A-shown-4,A,1,4,1,Alice,56,5,54,55,65,1,logged
A-shown-4,A,1,4,1,Bob,44,6,35,41,72,1,logged
A-shown-4,A,1,4,1,Pete,82,1,100,38,70,1,logged
A-shown-4,A,1,4,2,Kurt,63,3,72,51,46,1,logged
A-shown-4,A,1,4,2,Stella,79,2,98,52,48,1,logged
A-shown-4,A,1,4,2,Lucky,48,5,43,62,47,1,logged
A-shown-4,A,1,4,2,Alice,58,4,57,57,62,1,logged
A-shown-4,A,1,4,2,Bob,48,6,43,43,66,1,logged
A-shown-4,A,1,4,2,Pete,81,1,100,34,70,1,logged
A-shown-4,A,1,4,3,Kurt,44,5,41,51,45,1,logged
A-shown-4,A,1,4,3,Stella,76,2,92,55,47,1,logged
A-shown-4,A,1,4,3,Lucky,44,4,38,60,47,1,logged
A-shown-4,A,1,4,3,Alice,46,3,35,57,68,1,logged
A-shown-4,A,1,4,3,Bob,40,6,35,44,52,1,logged
A-shown-4,A,1,4,3,Pete,82,1,100,33,78,1,logged
A-shown-4,A,1,4,4,Kurt,40,5,35,48,45,1,logged
A-shown-4,A,1,4,4,Stella,58,2,63,55,46,1,logged
A-shown-4,A,1,4,4,Lucky,42,4,35,60,46,1,logged
A-shown-4,A,1,4,4,Alice,48,3,38,58,64,1,logged
A-shown-4,A,1,4,4,Bob,35,6,35,45,24,1,logged
A-shown-4,A,1,4,4,Pete,83,1,100,34,79,1,logged
B-hidden-1,B,0,1,1,Kurt,57,2,62,55,55,0,recomputed
B-hidden-1,B,0,1,1,Stella,57,1,60,58,50,0,recomputed
B-hidden-1,B,0,1,1,Lucky,56,3,50,60,48,0,recomputed
B-hidden-1,B,0,1,1,Alice,54,4,56,53,52,0,recomputed
B-hidden-1,B,0,1,1,Bob,46,6,35,46,57,0,recomputed
B-hidden-1,B,0,1,1,Pete,48,5,96,27,63,0,recomputed
B-hidden-1,B,0,1,2,Kurt,56,2,76,51,53,0,recomputed
B-hidden-1,B,0,1,2,Stella,64,1,87,57,62,0,recomputed
B-hidden-1,B,0,1,2,Lucky,54,3,42,61,45,0,recomputed
B-hidden-1,B,0,1,2,Alice,50,5,35,58,41,0,recomputed
B-hidden-1,B,0,1,2,Bob,44,6,35,45,49,0,recomputed
B-hidden-1,B,0,1,2,Pete,53,4,100,29,77,0,recomputed
B-hidden-1,B,0,1,3,Kurt,52,3,52,51,53,0,recomputed
B-hidden-1,B,0,1,3,Stella,58,1,63,56,60,0,recomputed
B-hidden-1,B,0,1,3,Lucky,53,2,35,62,45,0,recomputed
B-hidden-1,B,0,1,3,Alice,41,5,35,55,4,0,recomputed
B-hidden-1,B,0,1,3,Bob,36,6,35,45,11,0,recomputed
B-hidden-1,B,0,1,3,Pete,52,4,89,30,78,0,recomputed
B-hidden-1,B,0,1,4,Kurt,51,4,49,51,52,0,recomputed
B-hidden-1,B,0,1,4,Stella,57,1,55,56,60,0,recomputed
B-hidden-1,B,0,1,4,Lucky,55,2,35,63,49,0,recomputed
B-hidden-1,B,0,1,4,Alice,42,5,38,57,0,0,recomputed
B-hidden-1,B,0,1,4,Bob,32,6,35,42,0,0,recomputed
B-hidden-1,B,0,1,4,Pete,54,3,100,30,79,0,recomputed
B-shown-1,B,1,1,1,Kurt,63,1,88,56,59,1,logged
B-shown-1,B,1,1,1,Stella,55,3,55,57,48,1,logged
B-shown-1,B,1,1,1,Lucky,57,2,48,63,49,1,logged
B-shown-1,B,1,1,1,Alice,52,4,58,50,52,1,logged
B-shown-1,B,1,1,1,Bob,43,6,39,40,57,1,logged
B-shown-1,B,1,1,1,Pete,52,5,96,34,63,1,logged
B-shown-1,B,1,1,2,Kurt,61,1,90,54,54,1,logged
B-shown-1,B,1,1,2,Stella,53,4,54,55,46,1,logged
B-shown-1,B,1,1,2,Lucky,60,2,48,66,54,1,logged
B-shown-1,B,1,1,2,Alice,52,5,47,53,55,1,logged
B-shown-1,B,1,1,2,Bob,41,6,35,38,57,1,logged
B-shown-1,B,1,1,2,Pete,54,3,100,34,70,1,logged
B-shown-1,B,1,1,3,Kurt,54,2,53,54,53,1,logged
B-shown-1,B,1,1,3,Stella,49,4,35,56,44,1,logged
B-shown-1,B,1,1,3,Lucky,57,1,35,66,51,1,logged
B-shown-1,B,1,1,3,Alice,46,5,35,54,32,1,logged
B-shown-1,B,1,1,3,Bob,36,6,35,38,32,1,logged
B-shown-1,B,1,1,3,Pete,53,3,98,33,71,1,logged
B-shown-1,B,1,1,4,Kurt,50,3,41,50,59,1,logged
B-shown-1,B,1,1,4,Stella,49,4,46,52,44,1,logged
B-shown-1,B,1,1,4,Lucky,57,1,35,67,52,1,logged
B-shown-1,B,1,1,4,Alice,49,5,46,58,26,1,logged
B-shown-1,B,1,1,4,Bob,33,6,35,38,14,1,logged
B-shown-1,B,1,1,4,Pete,57,2,100,35,79,1,logged
B-hidden-2,B,0,2,1,Kurt,53,4,58,52,48,0,logged
B-hidden-2,B,0,2,1,Stella,57,2,52,52,78,0,logged
B-hidden-2,B,0,2,1,Lucky,58,1,38,63,66,0,logged
B-hidden-2,B,0,2,1,Alice,51,5,52,53,47,0,logged
B-hidden-2,B,0,2,1,Bob,45,6,39,43,57,0,logged
B-hidden-2,B,0,2,1,Pete,56,3,100,37,70,0,logged
B-hidden-2,B,0,2,2,Kurt,56,3,62,57,48,0,logged
B-hidden-2,B,0,2,2,Stella,57,2,53,52,77,0,logged
B-hidden-2,B,0,2,2,Lucky,59,1,39,65,61,0,logged
B-hidden-2,B,0,2,2,Alice,43,5,35,53,23,0,logged
B-hidden-2,B,0,2,2,Bob,40,6,35,41,45,0,logged
B-hidden-2,B,0,2,2,Pete,54,4,100,33,70,0,logged
B-hidden-2,B,0,2,3,Kurt,53,4,45,54,56,0,logged
B-hidden-2,B,0,2,3,Stella,54,3,37,52,77,0,logged
B-hidden-2,B,0,2,3,Lucky,57,1,38,61,65,0,logged
B-hidden-2,B,0,2,3,Alice,40,5,35,55,0,0,logged
B-hidden-2,B,0,2,3,Bob,35,6,35,44,7,0,logged
B-hidden-2,B,0,2,3,Pete,56,2,100,34,78,0,logged
B-hidden-2,B,0,2,4,Kurt,54,3,55,52,61,0,logged
B-hidden-2,B,0,2,4,Stella,53,4,35,52,75,0,logged
B-hidden-2,B,0,2,4,Lucky,57,2,35,61,64,0,logged
B-hidden-2,B,0,2,4,Alice,39,5,35,52,5,0,logged
B-hidden-2,B,0,2,4,Bob,33,6,35,44,0,0,logged
B-hidden-2,B,0,2,4,Pete,60,1,100,39,86,0,logged
B-shown-2,B,1,2,1,Kurt,53,4,58,52,48,1,logged
B-shown-2,B,1,2,1,Stella,57,2,52,52,78,1,logged
B-shown-2,B,1,2,1,Lucky,58,1,38,63,66,1,logged
B-shown-2,B,1,2,1,Alice,51,5,52,53,47,1,logged
B-shown-2,B,1,2,1,Bob,45,6,39,43,57,1,logged
B-shown-2,B,1,2,1,Pete,56,3,100,37,70,1,logged
B-shown-2,B,1,2,2,Kurt,54,4,62,53,50,1,logged
B-shown-2,B,1,2,2,Stella,63,1,73,52,83,1,logged
B-shown-2,B,1,2,2,Lucky,60,2,35,67,62,1,logged
B-shown-2,B,1,2,2,Alice,49,5,40,53,48,1,logged
B-shown-2,B,1,2,2,Bob,43,6,35,42,57,1,logged
B-shown-2,B,1,2,2,Pete,55,3,100,34,77,1,logged
B-shown-2,B,1,2,3,Kurt,48,5,36,52,49,1,logged
B-shown-2,B,1,2,3,Stella,58,2,54,52,82,1,logged
B-shown-2,B,1,2,3,Lucky,59,1,35,64,68,1,logged
B-shown-2,B,1,2,3,Alice,54,4,40,54,67,1,logged
B-shown-2,B,1,2,3,Bob,38,6,35,41,33,1,logged
B-shown-2,B,1,2,3,Pete,54,3,79,38,78,1,logged
B-shown-2,B,1,2,4,Kurt,48,5,36,52,48,1,logged
B-shown-2,B,1,2,4,Stella,55,3,36,53,80,1,logged
B-shown-2,B,1,2,4,Lucky,58,2,38,63,64,1,logged
B-shown-2,B,1,2,4,Alice,52,4,35,53,66,1,logged
B-shown-2,B,1,2,4,Bob,33,6,35,42,5,1,logged
B-shown-2,B,1,2,4,Pete,59,1,100,36,86,1,logged
B-hidden-3,B,0,3,1,Kurt,58,2,78,53,50,0,logged
B-hidden-3,B,0,3,1,Stella,50,4,38,52,55,0,logged
B-hidden-3,B,0,3,1,Lucky,60,1,46,68,51,0,logged
B-hidden-3,B,0,3,1,Alice,46,5,35,53,37,0,logged
B-hidden-3,B,0,3,1,Bob,36,6,35,40,24,0,logged
B-hidden-3,B,0,3,1,Pete,53,3,100,34,63,0,logged
B-hidden-3,B,0,3,2,Kurt,53,5,69,49,47,0,logged
B-hidden-3,B,0,3,2,Stella,53,4,60,50,53,0,logged
B-hidden-3,B,0,3,2,Lucky,57,2,38,63,58,0,logged
B-hidden-3,B,0,3,2,Alice,60,1,60,59,63,0,logged
B-hidden-3,B,0,3,2,Bob,38,6,35,46,16,0,logged
B-hidden-3,B,0,3,2,Pete,54,3,100,33,70,0,logged
B-hidden-3,B,0,3,3,Kurt,51,3,50,53,47,0,logged
B-hidden-3,B,0,3,3,Stella,46,5,35,48,52,0,logged
B-hidden-3,B,0,3,3,Lucky,56,1,35,63,58,0,logged
B-hidden-3,B,0,3,3,Alice,54,2,35,56,64,0,logged
B-hidden-3,B,0,3,3,Bob,36,6,35,45,12,0,logged
B-hidden-3,B,0,3,3,Pete,49,4,70,35,71,0,logged
B-hidden-3,B,0,3,4,Kurt,51,4,49,54,46,0,logged
B-hidden-3,B,0,3,4,Stella,47,5,35,50,51,0,logged
B-hidden-3,B,0,3,4,Lucky,56,1,37,63,55,0,logged
B-hidden-3,B,0,3,4,Alice,52,3,35,56,58,0,logged
B-hidden-3,B,0,3,4,Bob,35,6,35,45,5,0,logged
B-hidden-3,B,0,3,4,Pete,55,2,100,32,78,0,logged
B-shown-3,B,1,3,1,Kurt,58,2,78,53,50,1,logged
B-shown-3,B,1,3,1,Stella,50,4,38,52,55,1,logged
B-shown-3,B,1,3,1,Lucky,60,1,46,68,51,1,logged
B-shown-3,B,1,3,1,Alice,46,5,35,53,37,1,logged
B-shown-3,B,1,3,1,Bob,36,6,35,40,24,1,logged
B-shown-3,B,1,3,1,Pete,53,3,100,34,63,1,logged
B-shown-3,B,1,3,2,Kurt,50,5,48,49,54,1,logged
B-shown-3,B,1,3,2,Stella,55,2,61,54,53,1,logged
B-shown-3,B,1,3,2,Lucky,58,1,41,64,55,1,logged
B-shown-3,B,1,3,2,Alice,53,4,38,58,53,1,logged
B-shown-3,B,1,3,2,Bob,39,6,35,40,39,1,logged
B-shown-3,B,1,3,2,Pete,54,3,100,35,63,1,logged
B-shown-3,B,1,3,3,Kurt,49,4,42,48,61,1,logged
B-shown-3,B,1,3,3,Stella,49,3,35,53,52,1,logged
B-shown-3,B,1,3,3,Lucky,57,1,38,62,62,1,logged
B-shown-3,B,1,3,3,Alice,47,5,35,59,22,1,logged
B-shown-3,B,1,3,3,Bob,33,6,35,42,4,1,logged
B-shown-3,B,1,3,3,Pete,56,2,100,37,71,1,logged
B-shown-3,B,1,3,4,Kurt,49,3,39,49,60,1,logged
B-shown-3,B,1,3,4,Stella,48,4,36,52,45,1,logged
B-shown-3,B,1,3,4,Lucky,57,2,35,63,60,1,logged
B-shown-3,B,1,3,4,Alice,40,5,35,55,0,1,logged
B-shown-3,B,1,3,4,Bob,33,6,35,43,0,1,logged
B-shown-3,B,1,3,4,Pete,57,1,100,38,72,1,logged
B-hidden-4,B,0,4,1,Kurt,59,2,78,56,50,0,logged
B-hidden-4,B,0,4,1,Stella,60,1,77,56,57,0,logged
B-hidden-4,B,0,4,1,Lucky,57,3,44,61,58,0,logged
B-hidden-4,B,0,4,1,Alice,55,4,57,56,50,0,logged
B-hidden-4,B,0,4,1,Bob,45,6,35,44,57,0,logged
B-hidden-4,B,0,4,1,Pete,50,5,100,27,70,0,logged
B-hidden-4,B,0,4,2,Kurt,54,3,63,54,47,0,logged
B-hidden-4,B,0,4,2,Stella,59,2,77,54,54,0,logged
B-hidden-4,B,0,4,2,Lucky,59,1,44,65,55,0,logged
B-hidden-4,B,0,4,2,Alice,44,6,35,52,27,0,logged
B-hidden-4,B,0,4,2,Bob,44,5,35,45,47,0,logged
B-hidden-4,B,0,4,2,Pete,51,4,100,29,70,0,logged
B-hidden-4,B,0,4,3,Kurt,55,2,67,54,47,0,logged
B-hidden-4,B,0,4,3,Stella,55,3,63,53,52,0,logged
B-hidden-4,B,0,4,3,Lucky,66,1,54,65,82,0,logged
B-hidden-4,B,0,4,3,Alice,36,5,35,48,0,0,logged
B-hidden-4,B,0,4,3,Bob,35,6,35,44,8,0,logged
B-hidden-4,B,0,4,3,Pete,53,4,88,35,71,0,logged
B-hidden-4,B,0,4,4,Kurt,52,4,54,53,46,0,logged
B-hidden-4,B,0,4,4,Stella,58,2,60,54,66,0,logged
B-hidden-4,B,0,4,4,Lucky,65,1,45,67,81,0,logged
B-hidden-4,B,0,4,4,Alice,38,5,40,50,0,0,logged
B-hidden-4,B,0,4,4,Bob,31,6,35,40,0,0,logged
B-hidden-4,B,0,4,4,Pete,57,3,100,36,79,0,logged
B-shown-4,B,1,4,1,Kurt,59,2,78,56,50,1,logged
B-shown-4,B,1,4,1,Stella,60,1,77,56,57,1,logged
B-shown-4,B,1,4,1,Lucky,57,3,44,61,58,1,logged
B-shown-4,B,1,4,1,Alice,55,4,57,56,50,1,logged
B-shown-4,B,1,4,1,Bob,45,6,35,44,57,1,logged
B-shown-4,B,1,4,1,Pete,50,5,100,27,70,1,logged
B-shown-4,B,1,4,2,Kurt,56,4,74,52,49,1,logged
B-shown-4,B,1,4,2,Stella,64,1,88,55,64,1,logged
B-shown-4,B,1,4,2,Lucky,58,2,44,63,55,1,logged
B-shown-4,B,1,4,2,Alice,46,5,35,51,40,1,logged
B-shown-4,B,1,4,2,Bob,41,6,35,43,40,1,logged
B-shown-4,B,1,4,2,Pete,56,3,100,35,77,1,logged
B-shown-4,B,1,4,3,Kurt,55,4,71,53,48,1,logged
B-shown-4,B,1,4,3,Stella,61,1,80,54,63,1,logged
B-shown-4,B,1,4,3,Lucky,56,3,38,62,55,1,logged
B-shown-4,B,1,4,3,Alice,45,5,35,54,27,1,logged
B-shown-4,B,1,4,3,Bob,32,6,35,41,2,1,logged
B-shown-4,B,1,4,3,Pete,57,2,100,36,78,1,logged
B-shown-4,B,1,4,4,Kurt,49,4,35,54,47,1,logged
B-shown-4,B,1,4,4,Stella,53,3,35,56,61,1,logged
B-shown-4,B,1,4,4,Lucky,56,2,35,63,57,1,logged
B-shown-4,B,1,4,4,Alice,39,5,35,51,6,1,logged
B-shown-4,B,1,4,4,Bob,32,6,35,40,3,1,logged
B-shown-4,B,1,4,4,Pete,58,1,100,37,79,1,logged
