run,grp,feedback,replication,week,day,kind,from_agent,to_agent,amount,cross_household,note
A-hidden-1,A,0,1,4,2,gift,Kurt,Alice,0.5,1,campfire
A-shown-1,A,1,1,3,1,gift,Stella,Alice,0.5,1,campfire
A-shown-1,A,1,1,3,2,gift,Stella,Alice,0.3,1,campfire
A-shown-1,A,1,1,3,3,gift,Stella,Alice,0.2,1,campfire
A-shown-1,A,1,1,3,4,gift,Stella,Alice,0.5,1,campfire
A-shown-1,A,1,1,3,5,gift,Stella,Alice,1.0,1,campfire
A-shown-1,A,1,1,4,1,gift,Stella,Alice,0.5,1,campfire
A-shown-1,A,1,1,4,2,gift,Stella,Alice,0.3,1,campfire
A-shown-1,A,1,1,4,3,gift,Stella,Alice,0.2,1,campfire
A-shown-1,A,1,1,4,0,loan,Pete,Alice,1.2,1,"repay 1.5, interest 0.25"
A-hidden-2,A,0,2,4,0,loan,Pete,Alice,2.5,1,"repay 3.0, interest 0.2"
A-shown-2,A,1,2,2,2,gift,Stella,Alice,1.5,1,campfire
A-shown-2,A,1,2,2,3,gift,Stella,Alice,1.5,1,campfire
A-shown-2,A,1,2,4,0,loan,Pete,Alice,3.5,1,"repay 4.5, interest 0.286"
A-hidden-3,A,0,3,1,4,gift,Stella,Alice,1.0,1,campfire
A-hidden-3,A,0,3,1,5,gift,Stella,Alice,0.5,1,campfire
A-hidden-3,A,0,3,2,1,gift,Stella,Alice,1,1,campfire
A-hidden-3,A,0,3,2,2,gift,Stella,Alice,1.0,1,campfire
A-hidden-3,A,0,3,2,3,gift,Stella,Alice,0.5,1,campfire
A-hidden-3,A,0,3,2,4,gift,Stella,Alice,0.5,1,campfire
A-hidden-3,A,0,3,2,5,gift,Stella,Alice,0.5,1,campfire
A-hidden-3,A,0,3,4,1,gift,Kurt,Alice,0.5,1,campfire
A-hidden-3,A,0,3,3,0,loan,Pete,Kurt,3,1,"repay 3.5, interest 0.167"
A-shown-3,A,1,3,1,4,gift,Stella,Alice,1.0,1,campfire
A-shown-3,A,1,3,1,5,gift,Stella,Alice,0.5,1,campfire
A-shown-3,A,1,3,4,1,gift,Stella,Alice,0.2,1,campfire
A-shown-3,A,1,3,4,2,gift,Stella,Alice,0.3,1,campfire
A-shown-3,A,1,3,4,3,gift,Stella,Alice,0.2,1,campfire
A-shown-3,A,1,3,4,4,gift,Stella,Alice,0.2,1,campfire
A-shown-3,A,1,3,4,5,gift,Stella,Alice,0.2,1,campfire
A-shown-3,A,1,3,2,0,loan,Pete,Alice,3,1,"repay 3.5, interest 0.167"
A-hidden-4,A,0,4,3,3,gift,Stella,Alice,1.0,1,campfire
A-hidden-4,A,0,4,3,3,gift,Pete,Alice,1.5,1,campfire
A-hidden-4,A,0,4,4,1,gift,Stella,Alice,1.5,1,campfire
A-hidden-4,A,0,4,4,3,gift,Pete,Alice,1.0,1,campfire
A-hidden-4,A,0,4,4,0,loan,Pete,Alice,2,1,"repay 2.5, interest 0.25"
A-shown-4,A,1,4,4,1,gift,Stella,Alice,0.5,1,campfire
A-shown-4,A,1,4,4,2,gift,Stella,Alice,0.3,1,campfire
A-shown-4,A,1,4,4,5,gift,Pete,Alice,0.7,1,campfire
A-shown-4,A,1,4,3,0,loan,Pete,Alice,0.9,1,"repay 1.0, interest 0.111"
B-hidden-1,B,0,1,4,2,gift,Kurt,Alice,1,1,campfire
B-hidden-1,B,0,1,4,2,gift,Stella,Alice,0.5,1,campfire
B-hidden-1,B,0,1,4,5,gift,Kurt,Alice,0.5,1,campfire
B-shown-1,B,1,1,2,5,gift,Kurt,Alice,1,1,campfire
B-shown-1,B,1,1,4,2,gift,Pete,Alice,1,1,campfire
B-hidden-2,B,0,2,1,4,gift,Pete,Stella,1,1,campfire
B-hidden-2,B,0,2,1,5,gift,Pete,Stella,1,1,campfire
B-hidden-2,B,0,2,3,2,gift,Pete,Lucky,0.5,1,campfire
B-hidden-2,B,0,2,4,1,gift,Kurt,Alice,0.5,1,campfire
B-hidden-2,B,0,2,4,1,gift,Pete,Alice,1,1,campfire
B-hidden-2,B,0,2,4,2,gift,Kurt,Alice,0.5,1,campfire
B-hidden-2,B,0,2,4,2,gift,Pete,Alice,0.5,1,campfire
B-hidden-2,B,0,2,4,3,gift,Pete,Alice,0.5,1,campfire
B-hidden-2,B,0,2,4,4,gift,Pete,Alice,0.5,1,campfire
B-hidden-2,B,0,2,3,0,loan,Pete,Kurt,0.8,1,"repay 1.0, interest 0.25"
B-shown-2,B,1,2,1,4,gift,Pete,Stella,1,1,campfire
B-shown-2,B,1,2,1,5,gift,Pete,Stella,1,1,campfire
B-shown-2,B,1,2,2,2,gift,Pete,Stella,1,1,campfire
B-shown-2,B,1,2,3,1,gift,Pete,Lucky,0.5,1,campfire
B-shown-2,B,1,2,3,2,gift,Pete,Alice,1.5,1,campfire
B-shown-2,B,1,2,3,3,gift,Pete,Alice,1.0,1,campfire
B-shown-2,B,1,2,3,4,gift,Pete,Alice,1,1,campfire
B-shown-2,B,1,2,3,5,gift,Pete,Alice,1,1,campfire
B-shown-2,B,1,2,4,0,loan,Pete,Alice,0.9,1,"repay 1.0, interest 0.111"
B-hidden-3,B,0,3,2,1,gift,Stella,Alice,0.5,1,campfire
B-hidden-3,B,0,3,2,1,gift,Pete,Alice,1.5,1,campfire
B-hidden-3,B,0,3,2,2,gift,Pete,Alice,2.0,1,campfire
B-hidden-3,B,0,3,2,3,gift,Stella,Bob,0.5,1,campfire
B-hidden-3,B,0,3,2,3,gift,Pete,Alice,2,1,campfire
B-hidden-3,B,0,3,2,4,gift,Pete,Alice,2,1,campfire
B-hidden-3,B,0,3,2,5,gift,Pete,Alice,2,1,campfire
B-hidden-3,B,0,3,3,1,gift,Pete,Alice,1,1,campfire
B-hidden-3,B,0,3,3,2,gift,Pete,Alice,1,1,campfire
B-hidden-3,B,0,3,4,0,loan,Pete,Alice,1,1,"repay 1.2, interest 0.2"
B-shown-3,B,1,3,2,1,gift,Stella,Alice,0.5,1,campfire
B-shown-3,B,1,3,2,1,gift,Pete,Alice,1,1,campfire
B-shown-3,B,1,3,2,2,gift,Stella,Bob,0.5,1,campfire
B-shown-3,B,1,3,2,3,gift,Stella,Bob,0.5,1,campfire
B-shown-3,B,1,3,2,5,gift,Stella,Alice,0.5,1,campfire
B-shown-3,B,1,3,3,2,gift,Pete,Lucky,0.5,1,campfire
B-shown-3,B,1,3,2,0,loan,Kurt,Alice,3,1,"repay 3.6, interest 0.2"
B-shown-3,B,1,3,3,0,loan,Pete,Kurt,1.6,1,"repay 2, interest 0.25"
B-hidden-4,B,0,4,3,2,gift,Pete,Lucky,1,1,campfire
B-hidden-4,B,0,4,3,3,gift,Pete,Lucky,1,1,campfire
B-hidden-4,B,0,4,3,4,gift,Pete,Lucky,1,1,campfire
B-hidden-4,B,0,4,3,5,gift,Pete,Lucky,1,1,campfire
B-hidden-4,B,0,4,4,5,gift,Pete,Alice,1,1,campfire
B-hidden-4,B,0,4,4,0,loan,Stella,Alice,3,1,"repay 4, interest 0.333"
B-shown-4,B,1,4,2,4,gift,Pete,Alice,1.5,1,campfire
B-shown-4,B,1,4,3,1,gift,Pete,Alice,1,1,campfire
B-shown-4,B,1,4,4,2,gift,Stella,Bob,1.2,1,campfire
B-shown-4,B,1,4,4,3,gift,Stella,Bob,1,1,campfire
